2018-9-12,6293.90,6353.50,6204.50,6338.00,3040000,0.007
2018-9-11,6320.70,6391.80,6189.60,6293.90,3300000,-0.0043
2018-9-10,6238.50,6358.50,6237.30,6321.00,3110000,0.0132
2018-9-9,6184.30,6432.60,6148.80,6238.50,2840000,0.0088
2018-9-8,6390.90,6484.30,6132.30,6184.30,3460000,-0.0323
2018-9-7,6514.10,6540.60,6316.20,6390.90,3300000,-0.0189
2018-9-6,6706.80,6732.90,6337.80,6514.00,4020000,-0.0287
2018-9-5,7377.50,7407.50,6691.80,6706.80,4550000,-0.0909
2018-9-4,7264.20,7409.90,7234.50,7377.50,3920000,0.0156
2018-9-3,7289.80,7330.70,7182.80,7264.20,3870000,-0.0041
2018-9-2,7189.60,7334.80,7117.30,7293.90,3900000,0.0145
2018-9-1,7032.40,7264.30,7020.40,7189.60,3520000,0.0221
2018-8-31,6993.70,7080.20,6698.00,7033.80,4210000,0.0057
2018-8-30,7029.20,7050.20,6798.00,6993.70,3740000,-0.005
2018-8-29,7074.60,7121.40,6926.70,7029.10,4110000,-0.0064
2018-8-28,6897.60,7129.70,6861.20,7074.60,3790000,0.0257
2018-8-27,6712.70,6902.90,6650.40,6897.60,3260000,0.0275
2018-8-26,6734.90,6892.70,6573.10,6712.70,3370000,-0.0033
2018-8-25,6680.60,6783.40,6655.30,6734.80,3590000,0.0081
2018-8-24,6521.20,6721.20,6472.80,6680.40,3700000,0.0244
2018-8-23,6359.90,6550.20,6359.20,6521.20,2760000,0.0254
2018-8-22,6482.20,6840.80,6304.80,6359.60,3630000,-0.0189
2018-8-21,6268.10,6484.10,6257.40,6482.20,1460000,0.0341
2018-8-20,6474.20,6516.40,6255.90,6268.10,3100000,-0.0329
2018-8-19,6379.10,6534.80,6316.00,6481.50,2710000,0.0161
2018-8-18,6581.80,6626.40,6295.50,6379.10,3150000,-0.0308
2018-8-17,6306.70,6581.70,6291.80,6581.70,3200000,0.0436
2018-8-16,6256.90,6470.90,6249.80,6306.70,3500000,0.008
2018-8-15,6190.20,6592.80,6177.90,6256.90,3740000,0.0108
2018-8-14,6255.30,6255.30,5898.30,6190.20,3660000,-0.0104
2018-8-13,6313.00,6524.10,6159.60,6255.30,234090,-0.0091
2018-8-12,6232.10,6453.00,6169.80,6313.00,216330,0.0131
2018-8-11,6152.80,6469.60,6009.80,6231.60,247340,0.0129
2018-8-10,6539.50,6570.20,6043.40,6152.30,298820,-0.0591
2018-8-9,6283.70,6620.20,6197.00,6538.80,237660,0.0406
2018-8-8,6725.20,6725.20,6138.80,6283.60,311540,-0.0656
2018-8-7,6943.60,7149.70,6689.90,6724.90,232480,-0.0315
2018-8-6,7027.80,7143.60,6852.50,6943.60,168870,-0.0119
2018-8-5,7014.00,7087.60,6887.90,7027.10,177640,0.0018
2018-8-4,7418.90,7484.20,6949.70,7014.30,222570,-0.0546
2018-8-3,7535.60,7535.60,7293.50,7419.00,226460,-0.0155
2018-8-2,7606.40,7701.40,7470.60,7535.60,216340,-0.0093
2018-8-1,7728.50,7753.20,7449.20,7606.40,237690,-0.0159
2018-7-31,8176.40,8176.50,7649.80,7729.40,266940,-0.0548
2018-7-30,8214.70,8262.00,7874.40,8177.10,242210,-0.0047
2018-7-29,8231.50,8275.40,8113.30,8215.60,155240,-0.0022
2018-7-28,8186.80,8234.10,8077.40,8234.10,147140,0.0057
2018-7-27,7936.90,8273.80,7808.30,8187.40,243220,0.0315
2018-7-26,8173.90,8304.30,7861.00,7937.00,235450,-0.029
2018-7-25,8404.90,8484.60,8062.10,8173.70,269230,-0.0278
2018-7-24,7723.10,8479.80,7701.90,8407.00,345320,0.0886
2018-7-23,7412.40,7809.60,7379.20,7723.00,272150,0.0419
2018-7-22,7409.00,7575.30,7343.70,7412.30,204160,0.0005
2018-7-21,7339.30,7460.80,7223.50,7408.70,160770,0.0095
2018-7-20,7477.60,7683.60,7292.00,7339.40,258850,-0.0185
2018-7-19,7383.90,7558.40,7288.80,7477.50,247250,0.0127
2018-7-18,7321.60,7581.20,7249.30,7383.60,333320,0.0084
2018-7-17,6729.80,7453.20,6666.00,7322.00,337750,0.088
2018-7-16,6362.80,6749.20,6344.10,6729.90,312120,0.0577
2018-7-15,6254.80,6399.60,6238.50,6362.90,180670,0.0173
2018-7-14,6229.50,6313.50,6192.50,6254.80,243710,0.004
2018-7-13,6250.80,6333.80,6144.50,6230.20,233220,-0.0033
2018-7-12,6389.10,6389.40,6088.80,6250.60,289240,-0.0217
2018-7-11,6307.20,6409.70,6296.60,6389.10,243820,0.013
2018-7-10,6668.40,6686.80,6291.50,6307.20,315270,-0.054
2018-7-9,6715.10,6793.80,6637.70,6667.10,289480,-0.0071
2018-7-8,6765.40,6784.00,6694.30,6714.80,267600,-0.0075
2018-7-7,6617.70,6805.90,6531.10,6765.50,114570,0.0223
2018-7-6,6546.50,6638.20,6458.30,6617.70,132690,0.0109
2018-7-5,6598.00,6693.60,6466.10,6546.50,166180,-0.0079
2018-7-4,6513.80,6774.50,6442.30,6598.40,143040,0.013
2018-7-3,6618.60,6676.60,6513.50,6513.50,150190,-0.016
2018-7-2,6349.10,6680.00,6275.00,6619.50,179920,0.0397
2018-7-1,6398.50,6445.10,6284.70,6366.80,128510,-0.005
2018-6-30,6213.40,6498.50,6204.00,6398.90,189330,0.0299
2018-6-29,5883.20,6284.90,5818.50,6213.30,206960,0.0561
2018-6-28,6154.90,6178.40,5854.00,5883.50,156050,-0.0441
2018-6-27,6081.10,6187.30,6025.40,6154.90,133420,0.012
2018-6-26,6256.90,6267.70,6060.00,6082.10,176660,-0.0279
2018-6-25,6155.10,6331.20,6101.70,6256.60,210690,0.0166
2018-6-24,6167.90,6248.30,5785.30,6154.60,240600,-0.0021
2018-6-23,6055.20,6259.00,6032.80,6167.30,142900,0.0184
2018-6-22,6728.20,6739.70,5955.00,6055.70,278220,-0.0999
2018-6-21,6765.80,6797.50,6695.10,6728.00,99290,-0.0055
2018-6-20,6752.30,6812.70,6575.10,6765.40,121480,0.0019
2018-6-19,6719.80,6839.50,6681.50,6752.40,120540,0.0049
2018-6-18,6460.50,6794.50,6410.90,6719.80,135700,0.0402
2018-6-17,6505.80,6593.00,6452.10,6460.30,90670,-0.007
2018-6-16,6410.00,6564.20,6358.00,6505.80,108790,0.0149
2018-6-15,6647.30,6655.80,6395.70,6410.30,143530,-0.0356
2018-6-14,6312.30,6711.50,6283.60,6647.10,201540,0.053
2018-6-13,6558.50,6624.60,6129.10,6312.30,237480,-0.0375
2018-6-12,6885.90,6887.20,6476.00,6558.20,178260,-0.0476
2018-6-11,6775.20,6910.80,6657.20,6885.90,174880,0.0164
2018-6-10,7515.80,7516.30,6668.10,6775.10,275690,-0.0985
2018-6-9,7622.10,7689.00,7493.30,7515.80,97560,-0.014
2018-6-8,7697.90,7710.50,7556.90,7622.10,112880,-0.0098
2018-6-7,7661.00,7754.70,7657.70,7697.80,124000,0.0048
2018-6-6,7631.50,7699.10,7504.40,7661.00,130660,0.0039
2018-6-5,7507.40,7672.60,7391.00,7631.50,145230,0.0169
2018-6-4,7729.30,7759.90,7468.40,7504.30,141010,-0.0291
2018-6-3,7646.60,7775.00,7611.30,7729.30,116680,0.0108
2018-6-2,7530.80,7694.50,7467.90,7646.60,121180,0.0154
2018-6-1,7502.50,7610.40,7375.80,7530.80,135920,0.0038
2018-5-31,7400.80,7611.90,7355.00,7502.60,144520,0.0139
2018-5-30,7469.20,7565.20,7306.80,7400.10,140370,-0.0091
2018-5-29,7119.30,7533.00,7069.80,7467.70,186970,0.0489
2018-5-28,7367.30,7446.90,7090.60,7119.30,152290,-0.0336
2018-5-27,7361.90,7411.80,7267.50,7366.70,103290,0.0007
2018-5-26,7478.50,7619.30,7331.50,7361.30,103070,-0.0156
2018-5-25,7593.90,7653.40,7355.60,7477.70,161820,-0.0152
2018-5-24,7512.30,7736.60,7293.40,7592.90,211110,0.0107
2018-5-23,8005.70,8047.40,7467.60,7512.30,237600,-0.0617
2018-5-22,8403.80,8414.50,7979.30,8006.00,137510,-0.0473
2018-5-21,8529.50,8550.60,8375.50,8403.30,115520,-0.0147
2018-5-20,8243.90,8580.40,8184.70,8529.00,113760,0.0344
2018-5-19,8244.70,8389.10,8153.20,8245.10,107890,-0.0001
2018-5-18,8064.40,8273.60,7939.80,8245.70,150320,0.0227
2018-5-17,8344.60,8458.70,8022.30,8063.00,154360,-0.0337
2018-5-16,8477.00,8496.40,8120.10,8344.40,188030,-0.0156
2018-5-15,8674.00,8842.10,8436.50,8477.00,179620,-0.0227
2018-5-14,8693.40,8878.30,8305.10,8674.10,212050,-0.0022
2018-5-13,8489.10,8758.40,8330.00,8693.50,149800,0.0277
2018-5-12,8409.60,8646.10,8184.10,8459.50,210870,0.0061
2018-5-11,9026.00,9028.70,8359.60,8408.30,270620,-0.0684
2018-5-10,9319.20,9393.30,9013.40,9025.70,152710,-0.0315
2018-5-9,9194.90,9377.90,8988.00,9319.10,147890,0.0133
2018-5-8,9373.90,9404.40,9079.80,9196.40,157450,-0.0249
2018-5-7,9651.10,9675.60,9204.20,9431.60,165080,-0.0233
2018-5-6,9859.60,9957.70,9446.70,9656.40,150950,-0.02
2018-5-5,9709.50,9992.80,9691.30,9853.50,158450,0.0149
2018-5-4,9747.60,9800.90,9549.00,9708.60,161550,-0.0042
2018-5-3,9244.20,9809.40,9171.40,9749.70,201180,0.0548
2018-5-2,9076.80,9265.70,8991.90,9243.20,137480,0.0185
2018-5-1,9245.10,9245.10,8851.00,9074.90,173350,-0.0184
2018-4-30,9415.80,9456.70,9135.40,9245.10,156830,-0.018
2018-4-29,9352.20,9565.10,9182.80,9415.10,184720,0.0067
2018-4-28,8940.80,9428.90,8895.50,9352.40,199780,0.046
2018-4-27,9282.80,9386.30,8920.20,8940.90,184910,-0.0373
2018-4-26,8874.50,9303.60,8669.80,9287.00,248390,0.0467
2018-4-25,9645.00,9753.10,8768.10,8873.10,395670,-0.0801
2018-4-24,8952.70,9734.80,8937.00,9645.30,260790,0.0773
2018-4-23,8809.30,9001.00,8785.30,8952.80,147540,0.0166
2018-4-22,8923.60,9022.30,8766.50,8806.70,161890,-0.013
2018-4-21,8867.00,9027.70,8614.50,8923.10,206010,0.0063
2018-4-20,8292.30,8926.20,8224.50,8867.00,225960,0.0695
2018-4-19,8179.00,8303.70,8126.70,8290.80,155080,0.0137
2018-4-18,7908.50,8227.60,7895.30,8178.40,163260,0.0341
2018-4-17,8070.00,8171.70,7852.80,7908.60,162590,-0.02
2018-4-16,8362.20,8412.90,7908.50,8070.00,197700,-0.0351
2018-4-15,8004.60,8411.50,8004.60,8363.60,160260,0.0449
2018-4-14,7891.10,8180.20,7839.30,8004.40,164710,0.0148
2018-4-13,7926.90,8228.00,7756.60,7887.40,296950,-0.0049
2018-4-12,6963.30,8009.60,6779.30,7926.60,398300,0.1385
2018-4-11,6855.60,6988.60,6818.40,6962.10,142070,0.0156
2018-4-10,6782.60,6899.50,6671.60,6854.80,134230,0.0108
2018-4-9,7035.70,7192.50,6633.20,6781.90,241190,-0.0354
2018-4-8,6905.90,7113.40,6903.90,7030.50,132510,0.0181
2018-4-7,6624.50,7071.90,6616.10,6905.70,177100,0.0425
2018-4-6,6783.70,6859.70,6523.40,6624.30,174900,-0.0233
2018-4-5,6808.70,6918.20,6592.50,6782.00,221700,-0.004
2018-4-4,7423.80,7432.90,6726.90,6808.90,239510,-0.0829
2018-4-3,7067.20,7519.30,7032.90,7424.20,230800,0.0503
2018-4-2,6825.40,7121.30,6787.60,7068.40,199310,0.0356
2018-4-1,6939.10,7047.70,6460.10,6825.20,257530,-0.0163
2018-3-31,6856.50,7221.50,6804.90,6938.20,245300,0.0123
2018-3-30,7132.40,7288.10,6603.80,6853.70,417310,-0.0386
2018-3-29,7955.20,7980.70,6954.90,7129.20,348750,-0.1038
2018-3-28,7803.00,8110.40,7754.50,7954.90,167360,0.0196
2018-3-27,8146.50,8218.30,7760.60,7801.70,223100,-0.042
2018-3-26,8474.00,8515.70,7865.90,8143.50,247180,-0.0389
2018-3-25,8549.10,8679.00,8392.20,8473.20,149520,-0.0087
2018-3-24,8917.30,9008.80,8523.60,8547.40,177430,-0.0414
2018-3-23,8725.30,8917.00,8305.60,8916.80,210110,0.0218
2018-3-22,8903.70,9096.20,8499.10,8726.20,223010,-0.0202
2018-3-21,8912.40,9173.40,8775.10,8905.90,218190,-0.0008
2018-3-20,8614.10,9039.60,8326.80,8912.60,253440,0.0343
2018-3-19,8200.90,8698.30,8127.70,8616.80,316960,0.0507
2018-3-18,7873.20,8283.60,7323.30,8201.20,348020,0.0414
2018-3-17,8198.00,8344.80,7760.20,7874.90,208050,-0.05
2018-3-16,8264.30,8604.80,7929.10,8289.20,236130,0.003
2018-3-15,8210.20,8427.00,7691.70,8264.40,326530,0.0066
2018-3-14,9154.90,9353.40,7958.50,8210.60,305450,-0.1032
2018-3-13,9138.70,9482.00,8875.10,9154.90,239460,0.0019
2018-3-12,9535.80,9892.20,8804.10,9137.40,257910,-0.0412
2018-3-11,8732.20,9719.60,8516.40,9529.60,266590,0.0876
2018-3-10,9216.20,9500.00,8691.10,8762.00,198730,-0.0494
2018-3-9,9301.90,9420.50,8351.00,9217.00,371460,-0.0089
2018-3-8,9910.70,10109.00,9037.00,9300.00,256260,-0.0609
2018-3-7,10779.00,10899.00,9422.10,9902.90,284540,-0.0723
2018-3-6,11314.20,11316.40,10412.00,10675.10,230650,-0.0578
2018-3-5,11415.70,11506.90,11281.20,11330.60,162110,-0.0075
2018-3-4,11402.80,11490.30,10878.40,11416.50,156400,0.0012
2018-3-3,10822.50,11420.70,9585.50,11402.30,172200,0.0531
2018-3-2,10904.50,11167.00,10677.10,10827.70,201690,-0.007
2018-3-1,10335.10,11047.80,10248.70,10904.50,188770,0.0552
2018-2-28,10584.40,11070.70,10303.40,10333.90,215220,-0.0246
2018-2-27,10287.80,10867.20,10120.50,10594.40,202580,0.0301
2018-2-26,9590.90,10378.40,9410.30,10285.10,235940,0.073
2018-2-25,9703.10,9860.30,9330.10,9585.20,196490,-0.0123
2018-2-24,10163.80,10506.10,9394.50,9704.30,239160,-0.0458
2018-2-23,9840.60,10419.10,9597.80,10170.40,271500,0.0334
2018-2-22,10470.10,10930.20,9743.90,9841.70,316630,-0.0603
2018-2-21,11240.90,11289.70,10252.20,10473.00,327140,-0.0681
2018-2-20,11169.70,11791.50,11119.90,11238.70,267560,0.0062
2018-2-19,10396.60,11250.50,10324.80,11169.40,215200,0.0741
2018-2-18,11073.70,11271.60,10137.20,10398.80,288910,-0.0609
2018-2-17,10177.30,11095.90,10070.90,11073.50,224760,0.0879
2018-2-16,10031.30,10294.30,9707.70,10178.70,206440,0.0141
2018-2-15,9475.60,10206.80,9348.50,10037.30,291280,0.0592
2018-2-14,8542.60,9500.00,8541.60,9476.30,246880,0.1097
2018-2-13,8906.20,8942.70,8378.00,8539.20,195870,-0.0409
2018-2-12,8083.60,8984.90,8083.60,8903.50,238670,0.1017
2018-2-11,8559.70,8564.20,7843.70,8081.90,236200,-0.0558
2018-2-10,8697.30,9066.60,8172.20,8559.60,263530,-0.0161
2018-2-9,8163.60,8735.60,7784.60,8699.80,233940,0.0656
2018-2-8,7595.10,8489.90,7595.10,8164.20,296100,0.075
2018-2-7,7693.80,8536.50,7196.60,7594.70,445620,-0.0138
2018-2-6,6939.30,7896.20,5996.60,7701.20,886880,0.1099
2018-2-5,8220.80,8383.20,6651.90,6938.50,593890,-0.1561
2018-2-4,9241.50,9382.10,7932.10,8222.20,280940,-0.1103
2018-2-3,8894.40,9506.90,8249.30,9241.10,248710,0.0391
2018-2-2,9179.80,9201.40,7915.80,8893.20,519400,-0.0314
2018-2-1,10266.20,10303.00,8789.20,9181.10,358400,-0.1056
2018-1-31,10166.30,10397.70,9742.20,10265.40,208470,0.0098
2018-1-30,11244.50,11277.20,9917.70,10166.00,264720,-0.0959
2018-1-29,11794.90,11888.10,11119.00,11244.80,137420,-0.0467
2018-1-28,11471.20,12112.70,11433.30,11795.10,154630,0.0286
2018-1-27,11118.00,11621.70,10908.40,11467.50,163490,0.0314
2018-1-26,11203.10,11655.30,10389.40,11118.10,253910,-0.0076
2018-1-25,11439.90,11740.90,10983.80,11203.00,181810,-0.0218
2018-1-24,10899.40,11549.50,10584.50,11452.30,136060,0.0504
2018-1-23,10869.00,11438.00,10056.60,10903.20,188370,0.0035
2018-1-22,11597.50,11970.90,10136.80,10864.80,201730,-0.063
2018-1-21,12857.10,12860.20,11164.50,11594.90,206960,-0.0983
2018-1-20,11579.20,13082.20,11567.30,12858.90,143900,0.1104
2018-1-19,11229.60,11973.20,10901.50,11580.20,170740,0.0298
2018-1-18,11202.00,12004.70,10660.20,11245.40,242450,0.0047
2018-1-17,11357.70,11769.60,9271.30,11192.30,361800,-0.0149
2018-1-16,13704.40,13711.00,10050.70,11362.00,317100,-0.1705
2018-1-15,13695.50,14396.60,13475.40,13697.50,73270,0.0002
2018-1-14,14291.90,14446.10,13094.70,13695.20,85120,-0.0418
2018-1-13,13896.00,14640.70,13888.20,14292.20,61140,0.0292
2018-1-12,13529.20,14176.40,13410.00,13886.70,82370,0.026
2018-1-11,15046.70,15109.10,13048.30,13535.40,167810,-0.1002
2018-1-10,14778.50,15045.40,13613.10,15043.00,87070,0.0179
2018-1-9,14976.20,15324.60,14613.40,14778.50,71400,-0.0132
2018-1-8,16228.30,16302.90,13902.30,14976.20,142450,-0.0771
2018-1-7,17174.50,17184.80,15791.10,16228.20,79010,-0.055
2018-1-6,16954.80,17252.80,16286.60,17172.30,83930,0.0128
2018-1-5,15180.10,17126.90,14832.40,16954.80,141960,0.1169
2018-1-4,15156.50,15408.70,14244.70,15180.10,110970,0.0015
2018-1-3,14754.10,15435.00,14579.70,15156.60,106540,0.0273
2018-1-2,13444.90,15306.10,12934.20,14754.10,137730,0.0974
2018-1-1,13850.50,13921.50,12877.70,13444.90,78430,-0.0293
2017-12-31,12532.40,14241.80,12359.40,13850.40,111270,0.1052
2017-12-30,14392.10,14461.50,11962.10,12531.50,182070,-0.1293
2017-12-29,14398.50,15109.80,13951.10,14392.60,118880,-0.0004
2017-12-28,15416.30,15505.50,13466.10,14398.70,170370,-0.066
2017-12-27,15757.00,16514.60,14534.70,15416.60,138710,-0.0216
2017-12-26,13830.20,16094.70,13748.50,15756.60,143140,0.139
2017-12-25,13790.00,14467.40,13010.70,13833.50,107480,0.0032
2017-12-24,14396.60,14413.70,12166.50,13790.00,182420,-0.0421
2017-12-23,13665.00,15493.20,13356.10,14396.50,170170,0.0535
2017-12-22,15632.10,15823.70,10875.70,13665.00,466980,-0.1258
2017-12-21,16461.10,17301.80,14953.00,15632.10,163740,-0.0504
2017-12-20,17521.70,17813.60,15642.70,16462.00,227680,-0.0606
2017-12-19,18971.20,19022.00,16812.80,17523.70,174540,-0.0764
2017-12-18,19065.70,19221.10,18114.40,18972.30,139250,-0.0049
2017-12-17,19346.60,19870.60,18750.90,19065.70,117410,-0.0145
2017-12-16,17594.10,19587.70,17318.50,19345.50,112170,0.0989
2017-12-15,16467.90,17987.00,16442.20,17604.80,153650,0.069
2017-12-14,16286.80,16941.10,16023.60,16467.90,107920,0.0111
2017-12-13,17083.90,17268.00,15669.90,16286.80,155410,-0.0467
2017-12-12,16733.30,17560.70,16254.50,17083.90,132850,0.021
2017-12-11,15060.50,17399.20,15024.60,16732.50,159730,0.1111
2017-12-10,14840.00,15783.20,13031.00,15059.60,201620,0.0146
2017-12-9,16048.20,16313.20,13151.50,14843.40,181980,-0.075
2017-12-8,16868.00,17294.80,13906.10,16047.60,286760,-0.0476
2017-12-7,13750.10,16879.30,13401.60,16850.30,297110,0.2255
2017-12-6,11667.10,13843.20,11661.80,13749.60,191580,0.1785
2017-12-5,11624.40,11901.90,11486.10,11667.10,89690,0.0037
2017-12-4,11244.20,11624.60,10917.80,11623.90,93170,0.0336
2017-12-3,10912.70,11851.10,10578.40,11246.20,122130,0.0306
2017-12-2,10861.50,11175.20,10715.50,10912.70,86830,0.0047
2017-12-1,9947.10,10942.80,9420.90,10861.50,131920,0.092
2017-11-30,9848.00,10689.10,9023.80,9946.80,187010,0.0111
2017-11-29,9906.00,11417.80,8938.70,9837.90,233330,-0.0069
2017-11-28,9732.60,9969.60,9638.20,9906.00,87760,0.0178
2017-11-27,9318.40,9733.60,9316.80,9733.20,106900,0.0445
2017-11-26,8754.60,9474.60,8746.60,9318.40,85890,0.0644
2017-11-25,8203.50,8762.00,8153.70,8754.70,84670,0.0675
2017-11-24,8013.40,8332.90,7900.20,8200.80,73000,0.0234
2017-11-23,8234.50,8266.50,8012.40,8013.40,68010,-0.0269
2017-11-22,8099.90,8304.40,8091.60,8234.50,65810,0.0166
2017-11-21,8245.90,8368.40,7819.10,8100.00,115450,-0.0176
2017-11-20,8042.60,8294.10,7947.30,8244.70,75700,0.0251
2017-11-19,7781.00,8100.90,7675.40,8042.60,68620,0.0336
2017-11-18,7700.00,7857.50,7458.90,7780.90,74380,0.0105
2017-11-17,7853.70,8000.20,7534.70,7700.00,117350,-0.0196
2017-11-16,7283.00,7964.60,7119.20,7853.70,133940,0.0783
2017-11-15,6597.10,7330.10,6596.90,7283.20,131120,0.104
2017-11-14,6522.50,6728.60,6419.20,6597.10,96500,0.0114
2017-11-13,5878.10,6760.10,5828.30,6522.50,178340,0.1096
2017-11-12,6339.90,6490.50,5493.60,5878.10,269830,-0.0728
2017-11-11,6565.80,6821.50,6197.90,6339.90,135720,-0.0344
2017-11-10,7129.60,7319.00,6406.00,6565.80,222000,-0.0791
2017-11-9,7444.40,7457.10,7040.80,7129.60,126770,-0.0423
2017-11-8,7102.20,7869.10,7027.00,7444.40,220220,0.0481
2017-11-7,6959.30,7222.40,6957.80,7102.80,101050,0.0206
2017-11-6,7389.50,7429.70,6934.70,6959.20,159690,-0.0582
2017-11-5,7363.80,7599.40,7284.30,7389.50,105730,0.0035
2017-11-4,7147.00,7492.20,6957.80,7363.80,106600,0.0296
2017-11-3,7024.80,7445.60,6938.90,7152.10,154890,0.0181
2017-11-2,6737.80,7339.90,6737.80,7024.80,238800,0.0426
2017-11-1,6449.10,6738.70,6355.00,6737.80,133190,0.0444
2017-10-31,6124.30,6467.20,6090.80,6451.20,101250,0.0534
2017-10-30,6147.70,6226.20,6019.00,6124.30,78620,-0.0038
2017-10-29,5726.60,6295.40,5679.40,6147.50,163060,0.0735
2017-10-28,5764.60,5871.00,5654.80,5726.60,53230,-0.0066
2017-10-27,5887.60,5997.80,5692.30,5764.60,83930,-0.0209
2017-10-26,5734.00,5970.40,5689.90,5887.60,93680,0.0268
2017-10-25,5513.10,5748.00,5375.60,5734.00,105840,0.0401
2017-10-24,5903.60,5904.60,5463.40,5513.10,143740,-0.0662
2017-10-23,5982.90,6049.00,5644.20,5903.60,137140,-0.0132
2017-10-22,6006.60,6070.60,5723.00,5982.90,105030,-0.004
2017-10-21,5993.10,6187.20,5874.50,6006.60,112940,0.0023
2017-10-20,5698.60,6075.30,5611.40,5993.10,123860,0.0517
2017-10-19,5576.70,5737.40,5517.60,5698.60,83060,0.022
2017-10-18,5598.60,5601.30,5114.90,5575.80,122020,-0.0041
2017-10-17,5759.30,5773.30,5521.10,5598.60,65640,-0.0279
2017-10-16,5677.40,5795.30,5576.10,5759.30,61360,0.0125
2017-10-15,5824.70,5862.70,5448.20,5688.10,101640,-0.0234
2017-10-14,5637.30,5839.60,5568.90,5824.70,76220,0.0333
2017-10-13,5432.60,5852.80,5392.00,5637.30,215020,0.0377
2017-10-12,4824.20,5432.60,4815.00,5432.60,163920,0.1261
2017-10-11,4763.40,4874.90,4718.60,4824.20,70480,0.0128
2017-10-10,4777.50,4930.00,4722.80,4763.40,98490,-0.003
2017-10-9,4611.70,4875.40,4556.10,4777.50,110190,0.0359
2017-10-8,4435.80,4622.90,4419.40,4611.70,71370,0.0397
2017-10-7,4371.90,4472.90,4319.50,4435.80,40200,0.0146
2017-10-6,4321.40,4422.10,4296.90,4371.90,61690,0.0117
2017-10-5,4218.70,4365.80,4143.40,4321.40,63610,0.0244
2017-10-4,4314.20,4355.30,4183.60,4218.70,64080,-0.0221
2017-10-3,4401.30,4436.00,4230.70,4314.20,81870,-0.0198
2017-10-2,4403.10,4477.40,4364.70,4401.30,71200,-0.0004
2017-10-1,4360.60,4412.60,4258.30,4403.10,60580,0.0097
2017-9-30,4172.80,4383.30,4164.30,4360.60,67490,0.045
2017-9-29,4195.60,4237.50,4030.40,4172.80,97800,-0.0054
2017-9-28,4212.20,4274.60,4112.90,4195.60,92230,-0.0039
2017-9-27,3892.70,4232.40,3882.10,4212.20,117600,0.0821
2017-9-26,3932.80,3982.30,3858.80,3892.70,63250,-0.0102
2017-9-25,3667.50,3971.50,3665.70,3932.80,100200,0.0723
2017-9-24,3788.00,3790.90,3633.90,3667.50,49660,-0.0318
2017-9-23,3600.80,3813.40,3563.20,3788.00,67820,0.052
2017-9-22,3617.30,3753.50,3505.80,3600.80,114720,-0.0045
2017-9-21,3882.20,3912.80,3576.50,3617.30,145130,-0.0682
2017-9-20,3908.00,4053.00,3846.80,3882.20,86650,-0.0066
2017-9-19,4100.30,4120.70,3852.20,3908.00,123220,-0.0469
2017-9-18,3689.60,4122.80,3689.00,4100.30,147930,0.1113
2017-9-17,3698.90,3796.60,3485.80,3689.60,96070,-0.0025
2017-9-16,3713.80,3893.70,3551.80,3698.90,169360,-0.004
2017-9-15,3243.10,3824.40,2979.90,3713.80,448550,0.1451
2017-9-14,3870.30,3930.70,3219.00,3243.10,317590,-0.1621
2017-9-13,4158.90,4174.60,3752.00,3870.30,186540,-0.0694
2017-9-12,4217.90,4387.80,4075.00,4158.90,107040,-0.014
2017-9-11,4245.90,4364.40,4134.60,4217.90,88760,-0.0066
2017-9-10,4335.10,4338.10,4032.10,4245.90,108080,-0.0206
2017-9-9,4326.50,4402.10,4185.30,4335.10,77090,0.002
2017-9-8,4635.60,4699.60,4130.90,4326.50,180360,-0.0667
2017-9-7,4618.70,4690.50,4493.20,4635.60,70530,0.0037
2017-9-6,4409.10,4660.00,4401.50,4618.70,110930,0.0475
2017-9-5,4267.50,4496.70,4004.60,4409.10,158410,0.0332
2017-9-4,4612.90,4621.00,4098.60,4267.50,170400,-0.0749
2017-9-3,4573.80,4719.80,4397.70,4612.90,102820,0.0086
2017-9-2,4921.90,4976.50,4448.60,4573.80,160770,-0.0707
2017-9-1,4735.10,4925.20,4690.20,4921.90,102010,0.0394
2017-8-31,4583.00,4765.10,4580.10,4735.10,72290,0.0332
2017-8-30,4597.30,4644.10,4491.80,4583.00,68470,-0.0031
2017-8-29,4390.30,4647.80,4350.20,4597.30,100800,0.0471
2017-8-28,4345.80,4403.10,4195.20,4390.30,75490,0.0103
2017-8-27,4352.30,4408.20,4321.10,4345.80,42520,-0.0015
2017-8-26,4364.40,4379.30,4263.30,4352.30,46160,-0.0028
2017-8-25,4318.40,4461.70,4292.60,4364.40,82900,0.0107
2017-8-24,4141.10,4364.10,4111.70,4318.40,72360,0.0428
2017-8-23,4089.70,4255.60,4070.50,4141.10,96650,0.0126
2017-8-22,4005.10,4142.70,3612.20,4089.70,169140,0.0211
2017-8-21,4066.60,4097.30,3966.90,4005.10,90650,-0.0151
2017-8-20,4150.50,4182.30,4034.40,4066.60,70160,-0.0202
2017-8-19,4105.40,4189.70,3957.50,4150.50,113720,0.011
2017-8-18,4278.90,4362.70,3978.30,4105.40,144400,-0.0406
2017-8-17,4387.40,4487.50,4194.10,4278.90,127480,-0.0247
2017-8-16,4161.70,4398.10,3938.60,4387.40,112900,0.0542
2017-8-15,4327.90,4436.50,3837.10,4161.70,211580,-0.0384
2017-8-14,4062.60,4336.70,3978.90,4327.90,128460,0.0653
2017-8-13,3871.60,4189.40,3847.30,4062.60,158590,0.0493
2017-8-12,3654.40,3967.30,3611.40,3871.60,123590,0.0594
2017-8-11,3425.70,3706.50,3409.80,3654.40,97560,0.0668
2017-8-10,3348.80,3453.80,3322.90,3425.70,71000,0.023
2017-8-9,3429.40,3437.10,3251.00,3348.80,97060,-0.0235
2017-8-8,3401.90,3494.90,3357.10,3429.40,106940,0.0081
2017-8-7,3232.00,3425.10,3198.50,3401.90,88110,0.0526
2017-8-6,3262.80,3295.10,3166.50,3232.00,60660,-0.0094
2017-8-5,2878.50,3344.00,2875.90,3262.80,159400,0.1335
2017-8-4,2810.00,2892.70,2779.50,2878.50,68760,0.0244
2017-8-3,2720.50,2822.90,2717.60,2810.00,68100,0.0329
2017-8-2,2747.00,2773.80,2668.90,2720.50,81820,-0.0096
2017-8-1,2883.30,2946.00,2659.60,2747.00,123170,-0.0473
2017-7-31,2766.50,2916.30,2723.10,2883.30,91120,0.0422
2017-7-30,2733.50,2773.10,2621.70,2766.50,82720,0.0121
2017-7-29,2806.80,2812.10,2699.40,2733.50,84490,-0.0261
2017-7-28,2691.90,2843.80,2683.60,2806.80,138910,0.0427
2017-7-27,2559.20,2712.90,2547.70,2691.90,103830,0.0518
2017-7-26,2582.60,2631.70,2441.50,2559.20,135500,-0.009
2017-7-25,2763.40,2779.10,2472.60,2582.60,205880,-0.0654
2017-7-24,2756.60,2798.90,2715.70,2763.40,83010,0.0025
2017-7-23,2836.50,2856.70,2675.60,2756.60,108230,-0.0282
2017-7-22,2675.10,2876.70,2658.60,2836.50,121920,0.0604
2017-7-21,2866.00,2874.00,2622.50,2675.10,193760,-0.0666
2017-7-20,2282.60,2932.80,2282.10,2866.00,310340,0.2556
2017-7-19,2320.20,2412.40,2243.10,2282.60,154320,-0.0162
2017-7-18,2233.40,2400.70,2164.60,2320.20,202620,0.0389
2017-7-17,1914.10,2233.80,1913.80,2233.40,176890,0.1668
2017-7-16,1975.10,2044.40,1809.00,1914.10,189640,-0.0309
2017-7-15,2234.20,2237.10,1974.00,1975.10,155320,-0.116
2017-7-14,2362.40,2370.50,2165.40,2234.20,114410,-0.0543
2017-7-13,2403.10,2436.70,2335.00,2362.40,88170,-0.0169
2017-7-12,2324.30,2424.80,2262.10,2403.10,109520,0.0339
2017-7-11,2344.00,2412.80,2265.50,2324.30,146630,-0.0084
2017-7-10,2511.40,2530.30,2271.80,2344.00,123800,-0.0667
2017-7-9,2564.90,2576.70,2509.60,2511.40,39160,-0.0208
2017-7-8,2513.90,2568.70,2480.60,2564.90,54510,0.0203
2017-7-7,2614.20,2617.50,2484.70,2513.90,90450,-0.0384
2017-7-6,2627.90,2634.80,2581.80,2614.20,60160,-0.0052
2017-7-5,2617.30,2642.70,2562.00,2627.90,89720,0.004
2017-7-4,2572.50,2658.70,2570.00,2617.30,80680,0.0174
2017-7-3,2536.50,2617.50,2506.30,2572.50,83420,0.0142
2017-7-2,2424.60,2555.30,2375.90,2536.50,67760,0.0461
2017-7-1,2480.60,2529.60,2387.50,2424.60,66320,-0.0226
2017-6-30,2558.40,2576.30,2469.50,2480.60,73000,-0.0304
2017-6-29,2577.70,2605.90,2526.50,2558.40,75320,-0.0075
2017-6-28,2583.80,2616.90,2490.10,2577.70,110420,-0.0023
2017-6-27,2446.10,2585.10,2309.60,2583.80,159260,0.0563
2017-6-26,2541.60,2584.80,2327.30,2446.10,165830,-0.0376
2017-6-25,2590.10,2660.70,2472.40,2541.60,86970,-0.0187
2017-6-24,2710.40,2741.60,2540.40,2590.10,86960,-0.0444
2017-6-23,2722.80,2759.70,2699.50,2710.40,56940,-0.0046
2017-6-22,2677.60,2757.30,2623.20,2722.80,78300,0.0169
2017-6-21,2754.40,2804.40,2624.40,2677.60,116030,-0.0279
2017-6-20,2616.80,2800.50,2614.00,2754.40,111300,0.0526
2017-6-19,2539.60,2617.80,2518.80,2616.80,81830,0.0304
2017-6-18,2655.10,2676.00,2488.60,2539.60,92000,-0.0435
2017-6-17,2508.60,2690.70,2454.80,2655.10,95950,0.0584
2017-6-16,2442.50,2536.40,2335.30,2508.60,117210,0.0271
2017-6-15,2467.30,2521.60,2125.60,2442.50,262790,-0.0101
2017-6-14,2713.00,2803.70,2349.00,2467.30,174190,-0.0906
2017-6-13,2656.80,2784.80,2647.40,2713.00,116740,0.0212
2017-6-12,2973.40,2985.10,2483.60,2656.80,217960,-0.1065
2017-6-11,2900.30,2977.90,2867.30,2973.40,83030,0.0252
2017-6-10,2811.40,2914.20,2807.40,2900.30,86520,0.0316
2017-6-9,2798.80,2852.10,2786.10,2811.40,67050,0.0045
2017-6-8,2691.50,2808.40,2623.60,2798.80,95420,0.0399
2017-6-7,2870.50,2880.90,2626.60,2691.50,122680,-0.0624
2017-6-6,2705.00,2931.20,2699.70,2870.50,192230,0.0612
2017-6-5,2524.10,2705.40,2523.90,2705.00,86690,0.0717
2017-6-4,2545.40,2559.80,2478.20,2524.10,59480,-0.0084
2017-6-3,2492.60,2582.80,2449.90,2545.40,70960,0.0212
2017-6-2,2412.60,2494.00,2385.60,2492.60,83030,0.0331
2017-6-1,2303.30,2460.80,2303.30,2412.60,122700,0.0475
2017-5-31,2192.60,2330.60,2168.40,2303.30,117750,0.0505
2017-5-30,2278.20,2329.30,2147.10,2192.60,120960,-0.0376
2017-5-29,2189.00,2337.40,2117.30,2278.20,92240,0.0407
2017-5-28,2052.40,2300.50,2051.10,2189.00,125000,0.0666
2017-5-27,2244.90,2322.40,1868.60,2052.40,222950,-0.0857
2017-5-26,2307.00,2616.50,2051.40,2244.90,191490,-0.027
2017-5-25,2445.30,2781.80,2210.50,2307.20,248440,-0.0565
2017-5-24,2272.60,2497.00,2263.30,2445.30,149260,0.076
2017-5-23,2124.40,2286.30,2110.80,2272.60,114180,0.0697
2017-5-22,2044.20,2264.80,1998.60,2124.40,174380,0.0392
2017-5-21,2040.20,2094.90,1980.10,2044.20,78780,0.002
2017-5-20,1962.00,2048.40,1944.40,2040.20,89860,0.0398
2017-5-19,1881.00,1969.70,1875.30,1962.00,98760,0.0431
2017-5-18,1801.30,1980.50,1791.10,1881.00,73100,0.0442
2017-5-17,1729.30,1842.80,1704.00,1801.30,94620,0.0416
2017-5-16,1708.90,1752.60,1653.70,1729.30,75540,0.0119
2017-5-15,1772.60,1776.70,1656.80,1708.90,80240,-0.0359
2017-5-14,1763.70,1802.80,1736.10,1772.60,40640,0.005
2017-5-13,1686.40,1770.50,1594.60,1763.70,75470,0.0459
2017-5-12,1819.30,1822.50,1641.20,1686.40,109340,-0.0731
2017-5-11,1752.30,1864.80,1741.50,1819.30,109010,0.0382
2017-5-10,1697.50,1766.20,1665.00,1752.30,89680,0.0323
2017-5-9,1664.50,1757.40,1620.00,1697.50,127230,0.0198
2017-5-8,1554.40,1667.70,1552.90,1664.50,107230,0.0708
2017-5-7,1545.30,1572.90,1495.20,1554.40,71360,0.0059
2017-5-6,1507.80,1560.40,1503.90,1545.30,59600,0.0249
2017-5-5,1516.80,1588.10,1485.00,1507.80,120380,-0.0059
2017-5-4,1485.60,1609.80,1437.10,1516.80,136710,0.021
2017-5-3,1445.90,1496.40,1424.10,1485.60,81720,0.0274
2017-5-2,1415.80,1471.10,1394.80,1445.90,70010,0.0213
2017-5-1,1351.90,1448.70,1342.80,1415.80,100440,0.0473
2017-4-30,1336.30,1358.90,1309.70,1351.90,40640,0.0117
2017-4-29,1329.60,1343.70,1314.20,1336.30,40970,0.005
2017-4-28,1332.90,1356.20,1287.60,1329.60,77570,-0.0025
2017-4-27,1286.60,1346.80,1285.30,1332.90,61770,0.036
2017-4-26,1264.30,1309.20,1263.00,1286.60,58910,0.0177
2017-4-25,1248.20,1272.60,1244.20,1264.30,43890,0.0129
2017-4-24,1249.10,1256.40,1234.90,1248.20,38540,-0.0008
2017-4-23,1240.90,1256.20,1223.10,1249.10,42610,0.0066
2017-4-22,1249.60,1257.00,1215.80,1240.90,43820,-0.007
2017-4-21,1238.10,1257.00,1235.60,1249.60,41340,0.0093
2017-4-20,1215.20,1246.60,1210.70,1238.10,55200,0.0188
2017-4-19,1206.10,1218.20,1194.10,1215.20,43350,0.0076
2017-4-18,1194.00,1213.90,1191.10,1206.10,52750,0.0101
2017-4-17,1176.80,1203.00,1172.80,1194.00,46480,0.0146
2017-4-16,1177.00,1188.00,1166.70,1176.80,18930,-0.0002
2017-4-15,1177.30,1194.80,841.50,1177.00,28390,-0.0003
2017-4-14,1176.20,1195.40,1162.20,1177.30,47220,0.001
2017-4-13,1212.50,1218.70,1150.30,1176.20,66050,-0.03
2017-4-12,1220.70,1225.50,1207.40,1212.50,44780,-0.0067
2017-4-11,1206.70,1229.60,1195.80,1220.70,37400,0.0116
2017-4-10,1204.30,1214.90,1194.80,1206.70,40010,0.002
2017-4-9,1180.80,1215.10,1174.00,1204.30,45350,0.02
2017-4-8,1190.50,1198.20,1166.70,1180.80,33180,-0.0082
2017-4-7,1188.70,1201.20,1173.20,1190.50,59750,0.0015
2017-4-6,1129.90,1201.60,1130.50,1188.70,92360,0.0521
2017-4-5,1141.80,1143.80,1110.10,1129.90,69470,-0.0104
2017-4-4,1147.60,1161.20,1122.20,1141.80,71000,-0.005
2017-4-3,1097.40,1157.90,1095.60,1147.60,98500,0.0457
2017-4-2,1086.10,1109.50,1074.20,1097.40,70980,0.0104
2017-4-1,1079.10,1103.70,1067.50,1086.10,50660,0.0065
2017-3-31,1037.90,1088.20,1035.20,1079.10,90990,0.0397
2017-3-30,1041.90,1052.70,1020.90,1037.90,74990,-0.0038
2017-3-29,1044.40,1058.70,1008.30,1041.90,68850,-0.0024
2017-3-28,1045.10,1068.40,1015.50,1044.40,80000,-0.0007
2017-3-27,969.40,1048.80,961.80,1045.10,91260,0.0781
2017-3-26,966.30,1004.30,946.70,969.40,85330,0.0032
2017-3-25,939.70,996.00,890.40,966.30,127050,0.0283
2017-3-24,1035.00,1038.40,927.30,939.70,132600,-0.0921
2017-3-23,1044.70,1062.80,1022.00,1035.00,56520,-0.0093
2017-3-22,1121.30,1121.90,997.80,1044.70,115290,-0.0683
2017-3-21,1047.50,1125.50,1043.90,1121.30,92590,0.0704
2017-3-20,1022.60,1057.50,1005.00,1047.50,61430,0.0244
2017-3-19,971.40,1063.70,967.30,1022.60,106450,0.0527
2017-3-18,1071.70,1103.60,940.20,971.40,210420,-0.0936
2017-3-17,1172.90,1174.90,1063.50,1071.70,163740,-0.0863
2017-3-16,1253.40,1260.20,1119.00,1172.90,132770,-0.0643
2017-3-15,1243.10,1256.90,1236.40,1253.40,43590,0.0083
2017-3-14,1238.20,1255.50,1218.40,1243.10,45140,0.004
2017-3-13,1225.10,1245.60,1205.60,1238.20,60460,0.0107
2017-3-12,1179.20,1235.50,1160.90,1225.10,44410,0.0389
2017-3-11,1112.40,1202.70,1104.80,1179.20,70750,0.0601
2017-3-10,1191.30,1330.40,988.70,1112.40,190470,-0.0663
2017-3-9,1147.00,1207.00,1129.30,1191.30,59860,0.0387
2017-3-8,1232.70,1242.00,1136.90,1147.00,97880,-0.0695
2017-3-7,1277.00,1280.90,1148.70,1232.70,87720,-0.0347
2017-3-6,1271.20,1280.60,1261.00,1277.00,31030,0.0046
2017-3-5,1264.30,1273.30,1242.10,1271.20,25430,0.0055
2017-3-4,1283.30,1285.80,1228.70,1264.30,38420,-0.0148
2017-3-3,1255.50,1291.30,1250.80,1283.30,67280,0.0222
2017-3-2,1222.70,1287.00,1212.00,1255.50,78490,0.0268
2017-3-1,1189.30,1225.00,1154.60,1222.70,51150,0.0281
2017-2-28,1188.80,1208.20,1175.80,1189.30,50580,0.0004
2017-2-27,1171.60,1195.80,1164.30,1188.80,35470,0.0147
2017-2-26,1149.10,1177.50,1130.60,1171.60,30770,0.0196
2017-2-25,1176.50,1180.00,1116.20,1149.10,45860,-0.0233
2017-2-24,1171.90,1211.70,1092.40,1176.50,108170,0.0039
2017-2-23,1120.50,1181.60,1113.50,1171.90,65740,0.0459
2017-2-22,1119.00,1132.30,1094.80,1120.50,47910,0.0013
2017-2-21,1077.60,1123.00,1073.50,1119.00,57050,0.0385
2017-2-20,1048.90,1081.80,1041.00,1077.60,31010,0.0273
2017-2-19,1052.30,1056.50,1037.70,1048.90,17950,-0.0032
2017-2-18,1049.40,1063.20,1044.70,1052.30,25360,0.0027
2017-2-17,1031.90,1057.40,1025.90,1049.40,45710,0.0169
2017-2-16,1008.20,1040.30,1007.40,1031.90,38080,0.0235
2017-2-15,1008.30,1010.90,999.70,1008.20,23360,-0.0001
2017-2-14,995.40,1013.80,986.50,1008.30,39540,0.013
2017-2-13,996.50,1007.60,975.10,995.40,32910,-0.0012
2017-2-12,1008.30,1007.80,992.50,996.50,14750,-0.0117
2017-2-11,997.60,1014.30,983.90,1008.30,28320,0.0107
2017-2-10,979.00,1005.60,947.00,997.60,62130,0.0191
2017-2-9,1055.50,1073.00,924.70,979.00,146750,-0.0725
2017-2-8,1049.60,1069.20,1020.30,1055.50,65150,0.0056
2017-2-7,1024.70,1054.10,1019.90,1049.60,39550,0.0243
2017-2-6,1016.10,1030.60,1010.80,1024.70,32020,0.0084
2017-2-5,1031.80,1033.70,1004.00,1016.10,31060,-0.0153
2017-2-4,1013.00,1041.00,1000.40,1031.80,39460,0.0186
2017-2-3,1004.00,1023.70,989.20,1013.00,61670,0.009
2017-2-2,982.40,1009.10,973.50,1004.00,50860,0.0219
2017-2-1,965.50,986.60,959.80,982.40,45220,0.0175
2017-1-31,920.70,967.50,917.40,965.50,54670,0.0486
2017-1-30,914.50,922.30,911.50,920.70,19060,0.0068
2017-1-29,918.50,922.40,912.70,914.50,11050,-0.0043
2017-1-28,918.00,921.90,912.80,918.50,14310,0.0005
2017-1-27,915.60,922.60,907.90,918.00,30970,0.0027
2017-1-26,894.40,919.30,893.50,915.60,33800,0.0236
2017-1-25,893.80,905.70,883.60,894.40,37900,0.0007
2017-1-24,921.50,925.60,889.20,893.80,58870,-0.0301
2017-1-23,918.80,928.00,910.80,921.50,32740,0.0029
2017-1-22,919.80,938.40,888.60,918.80,47930,-0.0011
2017-1-21,892.90,928.90,889.50,919.80,40380,0.0302
2017-1-20,895.20,901.50,878.90,892.90,38870,-0.0026
2017-1-19,872.00,905.30,870.70,895.20,58440,0.0266
2017-1-18,899.70,913.70,845.90,872.00,69260,-0.0307
2017-1-17,827.30,906.40,825.00,899.70,82210,0.0874
2017-1-16,821.20,836.70,817.70,827.30,33220,0.0075
2017-1-15,819.60,826.40,808.60,821.20,24400,0.0019
2017-1-14,824.80,838.90,808.30,819.60,44210,-0.0063
2017-1-13,810.10,835.00,771.00,824.80,89860,0.0182
2017-1-12,785.40,828.20,739.50,810.10,120240,0.0314
2017-1-11,904.40,917.70,751.60,785.40,194440,-0.1315
2017-1-10,899.80,911.30,890.10,904.40,53710,0.0051
2017-1-9,900.90,910.50,870.90,899.80,62580,-0.0012
2017-1-8,888.90,936.10,875.80,900.90,76910,0.0135
2017-1-7,886.20,900.90,806.70,888.90,130660,0.0031
2017-1-6,989.30,1027.40,852.50,886.20,194290,-0.1043
2017-1-5,1135.40,1150.60,874.50,989.30,240010,-0.1286
2017-1-4,1033.30,1148.50,1022.30,1135.40,156270,0.0988
2017-1-3,1017.00,1035.50,1006.50,1033.30,54790,0.016
2017-1-2,995.40,1031.70,990.20,1017.00,64950,0.0217
2017-1-1,963.40,1001.60,956.10,995.40,41150,0.0333
2016-12-31,959.00,965.50,942.40,963.40,27560,0.0045
2016-12-30,971.10,971.60,927.40,959.00,70840,-0.0124
2016-12-29,972.20,982.60,949.20,971.10,61130,-0.0011
2016-12-28,925.80,974.50,925.50,972.20,77290,0.0501
2016-12-27,898.40,937.90,893.40,925.80,49690,0.0305
2016-12-26,891.10,909.30,885.90,898.40,38790,0.0082
2016-12-25,891.10,895.20,851.40,891.10,42480,0
2016-12-24,917.20,920.50,880.80,891.10,46030,-0.0285
2016-12-23,860.20,920.30,858.00,917.20,102220,0.0663
2016-12-22,829.20,874.70,828.90,860.20,70560,0.0373
2016-12-21,799.10,833.10,796.00,829.20,65290,0.0377
2016-12-20,789.80,800.00,787.10,799.10,34480,0.0118
2016-12-19,789.00,793.70,786.30,789.80,25460,0.001
2016-12-18,787.20,791.30,783.80,789.00,14530,0.0023
2016-12-17,782.00,791.60,779.40,787.20,23580,0.0065
2016-12-16,775.20,783.90,773.30,782.00,27610,0.0088
2016-12-15,776.50,780.30,773.10,775.20,26220,-0.0017
2016-12-14,778.70,780.80,771.00,776.50,24780,-0.0029
2016-12-13,778.50,790.30,767.80,778.70,33110,0.0003
2016-12-12,767.90,781.30,767.90,778.50,28760,0.0138
2016-12-11,774.00,774.20,763.00,767.90,17140,-0.0079
2016-12-10,770.50,777.00,769.20,774.00,18020,0.0046
2016-12-9,768.50,773.50,765.00,770.50,24180,0.0026
2016-12-8,765.60,773.40,761.20,768.50,28780,0.0038
2016-12-7,758.20,769.00,754.30,765.60,34870,0.0097
2016-12-6,754.30,762.50,750.90,758.20,33430,0.0051
2016-12-5,766.40,769.20,746.00,754.30,51170,-0.0157
2016-12-4,764.20,769.20,758.80,766.40,19160,0.0028
2016-12-3,770.90,772.30,755.80,764.20,38450,-0.0087
2016-12-2,752.60,779.00,752.30,770.90,63220,0.0243
2016-12-1,742.50,755.50,741.10,752.60,54030,0.0137
2016-11-30,732.60,745.40,730.60,742.50,39280,0.0136
2016-11-29,733.30,737.00,727.80,732.60,32570,-0.001
2016-11-28,729.40,738.10,727.70,733.30,34120,0.0053
2016-11-27,734.10,738.30,727.10,729.40,21350,-0.0064
2016-11-26,740.40,741.00,725.60,734.10,22580,-0.0084
2016-11-25,735.30,741.30,729.00,740.40,28850,0.0069
2016-11-24,741.10,744.20,726.20,735.30,37240,-0.0078
2016-11-23,749.30,750.90,731.30,741.10,37870,-0.011
2016-11-22,736.20,754.00,730.60,749.30,44440,0.0179
2016-11-21,728.50,744.30,726.50,736.20,32510,0.0105
2016-11-20,747.90,752.30,712.80,728.50,47420,-0.0259
2016-11-19,747.00,755.30,737.40,747.90,25630,0.0012
2016-11-18,737.50,751.40,731.00,747.00,39710,0.0128
2016-11-17,740.30,751.90,730.10,737.50,62770,-0.0037
2016-11-16,711.10,746.00,708.10,740.30,79570,0.041
2016-11-15,704.60,716.90,697.90,711.10,41400,0.0093
2016-11-14,702.00,708.00,696.10,704.60,37750,0.0037
2016-11-13,704.30,705.60,685.00,702.00,36140,-0.0033
2016-11-12,715.00,717.40,701.10,704.30,27600,-0.015
2016-11-11,714.60,719.80,711.70,715.00,25580,0.0006
2016-11-10,721.40,723.00,707.30,714.60,33330,-0.0095
2016-11-9,710.90,741.20,707.10,721.40,70700,0.0148
2016-11-8,705.40,714.60,701.00,710.90,39730,0.0078
2016-11-7,709.90,711.70,698.30,705.40,30740,-0.0064
2016-11-6,702.10,714.10,697.60,709.90,25810,0.0111
2016-11-5,702.10,706.40,694.00,702.10,22020,0
2016-11-4,684.90,706.60,681.30,702.10,48240,0.0251
2016-11-3,733.50,744.40,670.40,684.90,96410,-0.0663
2016-11-2,726.80,735.80,718.10,733.50,39040,0.0093
2016-11-1,698.70,734.40,695.20,726.80,68070,0.0402
2016-10-31,697.30,707.20,682.20,698.70,38050,0.002
2016-10-30,715.00,714.90,689.50,697.30,39330,-0.0247
2016-10-29,686.20,720.20,685.20,715.00,54030,0.0418
2016-10-28,682.30,688.40,678.60,686.20,38970,0.0058
2016-10-27,674.70,687.90,672.30,682.30,46560,0.0113
2016-10-26,651.00,678.40,651.40,674.70,47670,0.0364
2016-10-25,650.50,662.50,647.70,651.00,36740,0.0008
2016-10-24,653.00,654.30,645.70,650.50,33240,-0.0039
2016-10-23,655.50,661.20,648.80,653.00,21910,-0.0037
2016-10-22,630.50,659.90,629.70,655.50,37100,0.0397
2016-10-21,628.30,633.30,627.60,630.50,28090,0.0034
2016-10-20,629.10,630.80,625.50,628.30,20940,-0.0011
2016-10-19,635.30,637.30,624.10,629.10,35290,-0.0099
2016-10-18,637.40,639.30,632.20,635.30,24600,-0.0032
2016-10-17,640.10,641.30,634.90,637.40,27690,-0.0043
2016-10-16,637.00,642.20,636.40,640.10,12890,0.0049
2016-10-15,637.90,641.40,635.10,637.00,12380,-0.0014
2016-10-14,635.60,640.50,630.70,637.90,31420,0.0037
2016-10-13,636.00,639.50,632.30,635.60,25620,-0.0006
2016-10-12,640.50,642.50,632.20,636.00,26950,-0.007
2016-10-11,617.30,642.30,615.60,640.50,55770,0.0375
2016-10-10,615.80,618.80,612.80,617.30,25230,0.0025
2016-10-9,617.70,618.30,613.00,615.80,13430,-0.003
2016-10-8,616.00,619.60,614.90,617.70,13620,0.0026
2016-10-7,611.00,619.40,609.10,616.00,32730,0.0083
2016-10-6,611.80,612.70,608.50,611.00,21630,-0.0014
2016-10-5,609.00,613.70,608.00,611.80,23400,0.0047
2016-10-4,611.60,612.70,606.50,609.00,24990,-0.0043
2016-10-3,610.70,613.20,608.50,611.60,21950,0.0015
2016-10-2,613.40,614.20,607.70,610.70,16540,-0.0044
2016-10-1,608.10,615.00,607.10,613.40,16930,0.0087
2016-9-30,604.70,608.80,602.30,608.10,23950,0.0057
2016-9-29,604.70,607.20,602.00,604.70,25320,0
2016-9-28,605.50,606.90,602.60,604.70,18940,-0.0013
2016-9-27,606.50,609.00,601.70,605.50,25550,-0.0018
2016-9-26,601.50,608.50,598.20,606.50,27510,0.0084
2016-9-25,602.60,604.90,598.30,601.50,13280,-0.0018
2016-9-24,602.90,605.90,600.50,602.60,13470,-0.0005
2016-9-23,595.60,603.70,594.10,602.90,25920,0.0122
2016-9-22,597.20,599.80,592.80,595.60,22440,-0.0026
2016-9-21,609.20,608.80,591.70,597.20,36860,-0.0198
2016-9-20,609.80,611.30,605.90,609.20,22610,-0.001
2016-9-19,610.70,612.40,607.00,609.80,21240,-0.0014
2016-9-18,607.10,612.40,605.20,610.70,16330,0.006
2016-9-17,607.80,609.60,604.50,607.10,15890,-0.0012
2016-9-16,608.10,610.40,605.20,607.80,21850,-0.0005
2016-9-15,609.50,610.70,605.10,608.10,22690,-0.0023
2016-9-14,608.60,612.20,606.40,609.50,24240,0.0015
2016-9-13,608.00,612.00,604.90,608.60,27520,0.001
2016-9-12,605.60,610.60,603.00,608.00,27950,0.0039
2016-9-11,624.50,630.80,592.80,605.60,36540,-0.0303
2016-9-10,623.20,627.50,621.10,624.50,15280,0.0022
2016-9-9,625.60,627.60,617.30,623.20,28330,-0.0039
2016-9-8,613.20,629.30,611.30,625.60,36330,0.0202
2016-9-7,610.40,616.50,606.20,613.20,30030,0.0045
2016-9-6,605.80,612.00,603.50,610.40,24330,0.0077
2016-9-5,609.50,610.60,598.80,605.80,25290,-0.0062
2016-9-4,598.80,615.20,590.80,609.50,30690,0.0179
2016-9-3,575.30,605.00,572.60,598.80,35700,0.0409
2016-9-2,572.00,577.60,569.30,575.30,26610,0.0058
2016-9-1,573.90,705.00,569.40,572.00,25870,-0.0033
2016-8-31,577.30,578.30,571.70,573.90,24930,-0.006
2016-8-30,574.20,579.90,572.50,577.30,27480,0.0054
2016-8-29,575.00,578.60,571.40,574.20,23860,-0.0013
2016-8-28,570.30,576.30,569.20,575.00,12830,0.0081
2016-8-27,579.40,580.40,567.30,570.30,18690,-0.0156
2016-8-26,578.00,582.70,575.80,579.40,21170,0.0024
2016-8-25,579.70,580.70,570.80,578.00,32730,-0.0029
2016-8-24,583.60,584.50,576.80,579.70,28060,-0.0067
2016-8-23,587.50,589.90,578.60,583.60,32080,-0.0067
2016-8-22,580.70,591.90,577.10,587.50,33560,0.0117
2016-8-21,582.60,585.30,577.80,580.70,14160,-0.0033
2016-8-20,574.60,583.50,572.30,582.60,23120,0.014
2016-8-19,573.40,577.90,566.30,574.60,25530,0.002
2016-8-18,572.30,579.50,570.80,573.40,30390,0.0018
2016-8-17,580.20,581.10,568.70,572.30,32760,-0.0135
2016-8-16,567.00,583.40,563.40,580.20,37690,0.0234
2016-8-15,569.10,575.00,559.30,567.00,33770,-0.0037
2016-8-14,584.60,585.80,559.90,569.10,33070,-0.0266
2016-8-13,587.10,590.10,582.80,584.60,19300,-0.0043
2016-8-12,587.80,591.10,582.20,587.10,25500,-0.0012
2016-8-11,590.90,599.20,585.40,587.80,39830,-0.0052
2016-8-10,585.30,600.50,580.90,590.90,49570,0.0097
2016-8-9,589.20,591.20,581.10,585.30,25970,-0.0068
2016-8-8,590.80,594.20,585.40,589.20,24880,-0.0027
2016-8-7,586.50,596.00,580.90,590.80,26200,0.0075
2016-8-6,574.70,596.70,565.30,586.50,25380,0.0205
2016-8-5,576.20,580.00,565.80,574.70,27890,-0.0027
2016-8-4,566.40,584.90,559.50,576.20,44820,0.0173
2016-8-3,513.40,573.10,514.10,566.40,85930,0.1032
2016-8-2,607.00,613.80,471.40,513.40,130910,-0.1542
2016-8-1,621.90,627.90,603.50,607.00,66660,-0.0239
2016-7-31,654.70,654.90,621.40,621.90,62890,-0.0502
2016-7-30,655.40,657.50,652.10,654.70,19350,-0.0011
2016-7-29,654.10,657.40,651.00,655.40,27040,0.002
2016-7-28,654.50,658.00,650.80,654.10,28110,-0.0006
2016-7-27,654.40,659.10,646.00,654.50,29890,0.0002
2016-7-26,654.00,657.80,643.50,654.40,49390,0.0006
2016-7-25,659.30,662.50,651.10,654.00,34380,-0.008
2016-7-24,655.20,664.20,651.00,659.30,29820,0.0063
2016-7-23,651.10,658.20,648.00,655.20,29890,0.0062
2016-7-22,664.60,669.40,645.70,651.10,65900,-0.0203
2016-7-21,664.40,666.50,657.80,664.60,32170,0.0003
2016-7-20,671.10,672.30,659.50,664.40,37560,-0.01
2016-7-19,670.40,673.20,663.60,671.10,30400,0.0011
2016-7-18,676.30,680.40,664.60,670.40,42580,-0.0088
2016-7-17,660.70,680.90,660.10,676.30,46840,0.0237
2016-7-16,664.20,665.40,655.70,660.70,20390,-0.0053
2016-7-15,657.30,667.50,656.50,664.20,35830,0.0106
2016-7-14,661.20,661.90,646.30,657.30,48200,-0.0059
2016-7-13,670.60,672.00,656.00,661.20,62960,-0.014
2016-7-12,646.70,673.20,644.60,670.60,66590,0.0369
2016-7-11,647.10,657.50,640.00,646.70,45940,-0.0006
2016-7-10,651.80,652.00,636.80,647.10,29260,-0.0072
2016-7-9,662.80,663.50,620.70,651.80,96010,-0.0165
2016-7-8,635.30,663.40,630.20,662.80,75890,0.0433
2016-7-7,672.70,676.20,605.00,635.30,153610,-0.0557
2016-7-6,663.70,678.40,662.20,672.70,47050,0.0136
2016-7-5,675.20,679.20,657.30,663.70,54640,-0.017
2016-7-4,661.60,679.00,644.00,675.20,63910,0.0204
2016-7-3,698.10,701.50,644.60,661.60,99270,-0.0522
2016-7-2,674.60,700.50,671.50,698.10,67380,0.0348
2016-7-1,670.00,685.10,661.10,674.60,92230,0.0068
2016-6-30,636.50,673.00,631.20,670.00,88200,0.0526
2016-6-29,644.90,645.90,621.80,636.50,80220,-0.0129
2016-6-28,644.70,659.30,634.30,644.90,76660,0.0004
2016-6-27,625.40,650.30,615.20,644.70,99810,0.0308
2016-6-26,663.50,665.20,609.90,625.40,88930,-0.0574
2016-6-25,656.90,688.10,640.80,663.50,100460,0.0101
2016-6-24,620.80,687.40,616.40,656.90,196690,0.0581
2016-6-23,590.60,629.50,539.30,620.80,261740,0.0513
2016-6-22,667.40,677.80,586.60,590.60,202320,-0.1151
2016-6-21,734.00,732.20,626.00,667.40,248080,-0.0907
2016-6-20,761.00,764.60,717.40,734.00,112290,-0.0356
2016-6-19,753.80,765.10,740.40,761.00,60450,0.0096
2016-6-18,743.90,776.00,727.10,753.80,120530,0.0133
2016-6-17,761.20,771.90,704.20,743.90,215870,-0.0227
2016-6-16,690.80,769.70,687.40,761.20,229570,0.102
2016-6-15,685.10,695.10,670.50,690.80,78620,0.0082
2016-6-14,700.10,702.50,654.70,685.10,135650,-0.0213
2016-6-13,666.50,718.20,652.80,700.10,216730,0.0503
2016-6-12,591.60,683.80,592.80,666.50,217380,0.1267
2016-6-11,577.90,592.60,576.30,591.60,42220,0.0237
2016-6-10,574.70,579.30,571.10,577.90,45500,0.0056
2016-6-9,580.50,580.70,569.30,574.70,48610,-0.01
2016-6-8,575.60,582.40,567.80,580.50,49600,0.0086
2016-6-7,583.60,591.30,543.60,575.60,84690,-0.0137
2016-6-6,574.90,586.70,571.70,583.60,63680,0.0151
2016-6-5,572.00,583.60,567.80,574.90,64520,0.0052
2016-6-4,567.00,592.70,560.90,572.00,87410,0.0087
2016-6-3,537.10,573.70,534.30,567.00,106250,0.0557
2016-6-2,537.40,541.50,530.50,537.10,52880,-0.0006
2016-6-1,528.90,542.30,521.30,537.40,72410,0.016
2016-5-31,532.30,546.90,513.20,528.90,114080,-0.0063
2016-5-30,516.00,544.20,512.80,532.30,77530,0.0314
2016-5-29,524.20,548.00,493.20,516.00,152570,-0.0156
2016-5-28,474.00,531.80,467.00,524.20,150170,0.1058
2016-5-27,453.30,479.20,452.70,474.00,135680,0.0458
2016-5-26,449.80,454.30,447.70,453.30,37720,0.0078
2016-5-25,446.10,451.20,445.40,449.80,37720,0.0082
2016-5-24,443.70,447.90,442.00,446.10,33220,0.0055
2016-5-23,439.60,445.00,438.20,443.70,35900,0.0093
2016-5-22,443.60,444.20,436.90,439.60,28740,-0.0091
2016-5-21,442.10,445.20,439.70,443.60,23000,0.0035
2016-5-20,442.70,447.80,435.40,442.10,48430,-0.0012
2016-5-19,454.20,455.20,441.10,442.70,59390,-0.0255
2016-5-18,453.30,456.60,452.40,454.20,32610,0.0021
2016-5-17,454.90,456.30,451.70,453.30,34630,-0.0036
2016-5-16,458.10,459.60,450.70,454.90,36600,-0.0071
2016-5-15,456.40,460.30,455.00,458.10,21200,0.0037
2016-5-14,455.40,457.70,453.60,456.40,20360,0.0023
2016-5-13,454.40,457.20,451.50,455.40,32390,0.0022
2016-5-12,452.50,455.30,448.40,454.40,49190,0.0043
2016-5-11,449.40,456.10,449.60,452.50,39970,0.007
2016-5-10,460.40,462.10,446.80,449.40,59990,-0.0241
2016-5-9,457.90,464.20,455.40,460.40,48420,0.0056
2016-5-8,458.50,460.20,454.90,457.90,27600,-0.0013
2016-5-7,459.60,460.60,454.60,458.50,30970,-0.0024
2016-5-6,448.10,461.50,445.70,459.60,68430,0.0256
2016-5-5,445.80,449.20,444.40,448.10,41890,0.0051
2016-5-4,450.30,450.90,444.20,445.80,39440,-0.0099
2016-5-3,444.20,451.50,441.50,450.30,49750,0.0137
2016-5-2,452.20,453.90,440.20,444.20,73850,-0.0178
2016-5-1,448.50,454.20,447.50,452.20,21750,0.0083
2016-4-30,455.00,456.90,446.60,448.50,35310,-0.0142
2016-4-29,448.50,456.30,445.20,455.00,44850,0.0145
2016-4-28,447.00,450.10,433.90,448.50,81940,0.0033
2016-4-27,466.00,467.90,444.60,447.00,90810,-0.0408
2016-4-26,461.70,468.90,459.20,466.00,67560,0.0092
2016-4-25,457.60,466.20,451.80,461.70,81660,0.0091
2016-4-24,450.10,461.80,447.90,457.60,74430,0.0166
2016-4-23,445.30,451.50,443.10,450.10,42360,0.0108
2016-4-22,449.30,450.20,441.90,445.30,49710,-0.009
2016-4-21,441.20,450.80,439.50,449.30,63130,0.0185
2016-4-20,434.90,442.90,432.50,441.20,74360,0.0143
2016-4-19,427.70,436.10,426.80,434.90,45680,0.0169
2016-4-18,426.30,429.10,424.40,427.70,32580,0.0034
2016-4-17,430.00,430.60,423.80,426.30,25590,-0.0088
2016-4-16,428.70,432.00,426.80,430.00,29020,0.0032
2016-4-15,424.00,429.50,423.30,428.70,54120,0.011
2016-4-14,423.50,425.40,421.80,424.00,30660,0.0013
2016-4-13,424.70,426.60,421.40,423.50,38090,-0.003
2016-4-12,421.40,426.70,420.70,424.70,57710,0.0079
2016-4-11,420.30,422.40,418.10,421.40,36390,0.0028
2016-4-10,418.00,421.60,416.70,420.30,23300,0.0053
2016-4-9,417.70,418.90,412.40,418.00,29430,0.0009
2016-4-8,420.10,423.50,415.50,417.70,46950,-0.0058
2016-4-7,421.30,422.00,417.90,420.10,36060,-0.0027
2016-4-6,422.10,422.80,419.50,421.30,32670,-0.0019
2016-4-5,419.30,423.70,418.00,422.10,40890,0.0065
2016-4-4,419.10,420.40,416.20,419.30,33440,0.0006
2016-4-3,418.50,420.20,417.00,419.10,22800,0.0013
2016-4-2,415.60,420.10,415.10,418.50,31310,0.0069
2016-4-1,415.70,416.90,412.80,415.60,38220,0
2016-3-31,412.40,417.20,411.50,415.70,41840,0.0078
2016-3-30,415.00,416.20,408.40,412.40,43280,-0.0062
2016-3-29,422.20,424.50,406.40,415.00,69110,-0.0171
2016-3-28,424.60,425.40,419.70,422.20,43450,-0.0056
2016-3-27,416.50,427.40,415.50,424.60,61720,0.0194
2016-3-26,415.70,417.70,413.90,416.50,28060,0.0019
2016-3-25,414.70,417.30,412.40,415.70,34590,0.0023
2016-3-24,417.00,417.70,412.90,414.70,38830,-0.0054
2016-3-23,416.20,419.60,414.20,417.00,40610,0.0019
2016-3-22,411.10,417.90,410.80,416.20,49080,0.0124
2016-3-21,411.50,413.10,407.30,411.10,43160,-0.001
2016-3-20,408.70,413.50,407.20,411.50,30540,0.0069
2016-3-19,408.20,410.50,402.10,408.70,37000,0.0013
2016-3-18,418.20,418.60,402.50,408.20,66070,-0.0239
2016-3-17,415.90,419.60,415.30,418.20,43820,0.0054
2016-3-16,415.10,417.00,413.30,415.90,44540,0.0019
2016-3-15,414.30,417.40,412.30,415.10,48600,0.002
2016-3-14,412.40,416.10,411.20,414.30,49330,0.0046
2016-3-13,410.40,415.90,409.60,412.40,34980,0.005
2016-3-12,419.10,420.70,407.00,410.40,59640,-0.0209
2016-3-11,415.80,422.40,415.10,419.10,60630,0.0079
2016-3-10,412.80,417.50,410.30,415.80,55740,0.0074
2016-3-9,411.90,414.90,408.90,412.80,50920,0.0021
2016-3-8,414.90,416.70,408.40,411.90,53770,-0.0072
2016-3-7,406.00,416.60,402.00,414.90,61770,0.0219
2016-3-6,399.00,412.00,393.10,406.00,62590,0.0174
2016-3-5,409.50,410.10,386.90,399.00,129150,-0.0256
2016-3-4,419.60,423.40,407.20,409.50,75270,-0.024
2016-3-3,425.40,425.80,414.90,419.60,78900,-0.0136
2016-3-2,434.00,435.90,423.90,425.40,57750,-0.02
2016-3-1,436.20,439.00,428.50,434.00,67460,-0.005
2016-2-29,432.50,441.30,429.80,436.20,68770,0.0086
2016-2-28,431.30,435.60,421.20,432.50,50850,0.0027
2016-2-27,427.30,434.10,427.30,431.30,42790,0.0093
2016-2-26,423.50,427.60,419.10,427.30,53210,0.0091
2016-2-25,422.70,427.20,417.50,423.50,53540,0.0018
2016-2-24,419.90,425.20,410.40,422.70,66510,0.0067
2016-2-23,437.80,440.80,414.40,419.90,93720,-0.0409
2016-2-22,437.90,440.20,431.30,437.80,56010,-0.0002
2016-2-21,440.10,447.60,425.50,437.90,100500,-0.005
2016-2-20,420.00,442.70,419.50,440.10,111630,0.0478
2016-2-19,421.40,424.30,416.40,420.00,52240,-0.0034
2016-2-18,417.10,425.50,414.80,421.40,77350,0.0102
2016-2-17,406.40,421.50,405.00,417.10,90320,0.0264
2016-2-16,401.10,409.80,398.00,406.40,68330,0.0133
2016-2-15,405.50,410.90,396.60,401.10,86130,-0.0109
2016-2-14,390.10,405.90,390.10,405.50,73590,0.0395
2016-2-13,384.00,392.60,383.30,390.10,48160,0.0158
2016-2-12,379.50,386.40,379.30,384.00,53760,0.0121
2016-2-11,381.90,383.20,372.80,379.50,62650,-0.0064
2016-2-10,375.30,385.40,374.10,381.90,97490,0.0175
2016-2-9,372.60,377.60,371.40,375.30,55360,0.0072
2016-2-8,377.90,380.90,372.10,372.60,62240,-0.014
2016-2-7,376.70,382.60,375.30,377.90,40740,0.0033
2016-2-6,386.50,386.40,372.90,376.70,78850,-0.0253
2016-2-5,390.60,391.10,384.50,386.50,60920,-0.0107
2016-2-4,368.00,391.80,368.00,390.60,101870,0.0615
2016-2-3,373.90,375.90,366.20,368.00,59810,-0.0158
2016-2-2,372.20,376.60,371.40,373.90,50980,0.0047
2016-2-1,369.80,379.80,365.30,372.20,74350,0.0063
2016-1-31,377.80,380.50,366.90,369.80,39020,-0.021
2016-1-30,380.30,381.80,375.00,377.80,36180,-0.0067
2016-1-29,379.70,385.80,363.50,380.30,138460,0.0016
2016-1-28,395.00,395.40,376.70,379.70,77320,-0.0388
2016-1-27,389.80,397.40,389.40,395.00,43680,0.0134
2016-1-26,392.80,397.70,387.90,389.80,56810,-0.0076
2016-1-25,402.10,403.80,386.90,392.80,67660,-0.0233
2016-1-24,388.60,405.40,385.50,402.10,64540,0.0348
2016-1-23,382.60,395.40,380.30,388.60,61380,0.0156
2016-1-22,410.20,411.50,374.90,382.60,144860,-0.0673
2016-1-21,414.60,423.40,403.90,410.20,89940,-0.0105
2016-1-20,379.50,425.70,374.00,414.60,190320,0.0926
2016-1-19,384.40,386.70,375.90,379.50,66350,-0.0129
2016-1-18,382.50,387.30,373.20,384.40,69300,0.005
2016-1-17,385.00,390.70,377.70,382.50,66090,-0.0067
2016-1-16,372.30,386.70,350.40,385.00,183960,0.0343
2016-1-15,429.10,430.10,364.70,372.30,268140,-0.1325
2016-1-14,432.20,433.70,427.00,429.10,46170,-0.0071
2016-1-13,445.00,443.70,420.40,432.20,92040,-0.0289
2016-1-12,447.70,448.40,443.10,445.00,44590,-0.006
2016-1-11,446.20,451.10,441.80,447.70,56590,0.0034
2016-1-10,448.30,448.90,438.60,446.20,44460,-0.0047
2016-1-9,452.90,454.50,444.90,448.30,39810,-0.0101
2016-1-8,457.00,462.90,446.50,452.90,91310,-0.0091
2016-1-7,430.80,457.50,428.50,457.00,130200,0.0609
2016-1-6,431.20,432.10,425.00,430.80,43430,-0.0009
2016-1-5,433.30,435.30,428.90,431.20,45030,-0.0049
2016-1-4,430.70,435.30,428.60,433.30,53010,0.0061
2016-1-3,433.70,434.10,423.10,430.70,54830,-0.007
2016-1-2,434.00,437.40,430.70,433.70,33570,-0.0006
2016-1-1,430.00,438.00,425.90,434.00,46970,0.0094
2015-12-31,427.10,433.10,417.10,430.00,65210,0.0066
2015-12-30,431.90,435.00,420.80,427.10,68270,-0.011
2015-12-29,421.80,433.60,419.30,431.90,70650,0.0241
2015-12-28,422.40,429.90,417.10,421.80,68350,-0.0015
2015-12-27,415.40,425.50,406.10,422.40,67580,0.0169
2015-12-26,454.00,456.50,400.50,415.40,208580,-0.0852
2015-12-25,453.00,457.40,449.50,454.00,42390,0.0024
2015-12-24,442.40,460.60,441.80,453.00,79600,0.0238
2015-12-23,437.00,444.80,434.30,442.40,63250,0.0124
2015-12-22,437.60,443.20,433.30,437.00,65790,-0.0013
2015-12-21,441.80,445.50,424.00,437.60,121990,-0.0095
2015-12-20,461.20,462.80,431.10,441.80,121530,-0.0421
2015-12-19,463.20,466.00,452.30,461.20,61310,-0.0043
2015-12-18,455.50,466.10,453.50,463.20,83410,0.0168
2015-12-17,454.00,458.40,447.30,455.50,64580,0.0034
2015-12-16,462.60,465.20,437.40,454.00,185220,-0.0187
2015-12-15,442.00,464.20,440.70,462.60,107060,0.0467
2015-12-14,434.70,449.50,428.80,442.00,218920,0.0168
2015-12-13,432.30,441.00,420.80,434.70,64140,0.0056
2015-12-12,449.80,467.70,403.70,432.30,211440,-0.039
2015-12-11,415.50,453.40,413.70,449.80,175060,0.0826
2015-12-10,416.00,420.40,409.50,415.50,71660,-0.0012
2015-12-9,410.70,424.60,403.30,416.00,147360,0.013
2015-12-8,394.30,411.10,388.00,410.70,74360,0.0416
2015-12-7,393.40,398.70,381.70,394.30,96750,0.0023
2015-12-6,386.70,402.20,382.60,393.40,131860,0.0173
2015-12-5,361.70,390.30,361.50,386.70,115200,0.0692
2015-12-4,360.30,364.00,354.30,361.70,60550,0.0038
2015-12-3,360.00,371.40,355.50,360.30,87230,0.0009
2015-12-2,361.80,363.40,347.20,360.00,92450,-0.005
2015-12-1,378.00,379.00,353.70,361.80,111910,-0.0428
2015-11-30,370.80,382.60,367.90,378.00,129770,0.0192
2015-11-29,355.80,372.80,354.50,370.80,67370,0.0422
2015-11-28,359.50,360.10,350.50,355.80,56170,-0.0103
2015-11-27,353.70,363.90,345.10,359.50,103480,0.0163
2015-11-26,327.50,368.90,327.40,353.70,211380,0.0801
2015-11-25,318.40,330.00,315.70,327.50,77680,0.0288
2015-11-24,322.10,323.30,315.50,318.40,50660,-0.0117
2015-11-23,322.80,325.00,319.90,322.10,42730,-0.002
2015-11-22,324.70,326.90,319.40,322.80,36750,-0.0059
2015-11-21,321.10,328.40,318.40,324.70,45000,0.0111
2015-11-20,325.00,327.10,309.50,321.10,109990,-0.0119
2015-11-19,335.90,335.60,323.40,325.00,86380,-0.0326
2015-11-18,333.90,337.40,329.40,335.90,78360,0.006
2015-11-17,330.20,342.90,328.10,333.90,98250,0.0112
2015-11-16,317.50,332.00,314.10,330.20,87140,0.0402
2015-11-15,331.80,334.80,314.20,317.50,88320,-0.0432
2015-11-14,333.80,369.80,326.40,331.80,71110,-0.006
2015-11-13,333.90,341.80,323.90,333.80,97250,-0.0002
2015-11-12,304.70,346.10,306.10,333.90,164610,0.0956
2015-11-11,336.70,341.80,292.40,304.70,263960,-0.095
2015-11-10,380.20,381.40,323.20,336.70,210290,-0.1145
2015-11-9,371.60,385.10,360.20,380.20,125540,0.0233
2015-11-8,385.10,389.80,365.50,371.60,94360,-0.0351
2015-11-7,369.80,391.80,369.00,385.10,103030,0.0413
2015-11-6,382.70,396.40,348.80,369.80,255280,-0.0337
2015-11-5,400.90,447.20,366.10,382.70,302950,-0.0454
2015-11-4,396.50,492.80,368.60,400.90,517730,0.0111
2015-11-3,359.30,416.80,354.60,396.50,421990,0.1036
2015-11-2,323.00,365.80,319.80,359.30,223100,0.1125
2015-11-1,311.20,324.30,304.70,323.00,73710,0.0376
2015-10-31,327.10,333.30,304.60,311.20,105830,-0.0485
2015-10-30,313.60,334.90,310.80,327.10,156490,0.043
2015-10-29,303.50,318.50,300.20,313.60,138920,0.0332
2015-10-28,294.70,307.50,294.00,303.50,116410,0.0301
2015-10-27,285.10,298.40,285.10,294.70,105870,0.0334
2015-10-26,287.90,287.60,279.60,285.10,73210,-0.0094
2015-10-25,282.60,295.60,281.80,287.90,113900,0.0188
2015-10-24,276.90,283.00,277.00,282.60,60130,0.0204
2015-10-23,274.40,279.80,273.20,276.90,69320,0.0091
2015-10-22,267.10,278.70,266.80,274.40,93150,0.0274
2015-10-21,269.80,272.20,263.50,267.10,59640,-0.0098
2015-10-20,263.80,272.10,262.70,269.80,75400,0.0225
2015-10-19,261.70,266.00,259.90,263.80,58170,0.0082
2015-10-18,269.60,272.40,259.50,261.70,52270,-0.0293
2015-10-17,262.90,275.40,261.70,269.60,113840,0.0255
2015-10-16,254.40,267.30,253.90,262.90,95180,0.0331
2015-10-15,252.30,256.80,251.20,254.40,60640,0.0084
2015-10-14,248.80,255.10,248.30,252.30,69580,0.0143
2015-10-13,245.40,251.20,243.10,248.80,74880,0.014
2015-10-12,247.60,248.00,244.60,245.40,40390,-0.0093
2015-10-11,245.40,248.30,244.50,247.60,41430,0.0094
2015-10-10,244.00,245.90,242.90,245.40,38960,0.0054
2015-10-9,242.60,244.60,241.30,244.00,40570,0.006
2015-10-8,243.00,244.80,241.60,242.60,44150,-0.0016
2015-10-7,246.10,247.30,241.60,243.00,62600,-0.0128
2015-10-6,240.10,247.60,239.40,246.10,78840,0.0249
2015-10-5,238.30,240.50,236.40,240.10,61240,0.0076
2015-10-4,238.60,277.60,237.50,238.30,31850,-0.001
2015-10-3,236.70,239.50,236.10,238.60,43310,0.0079
2015-10-2,237.10,238.40,235.10,236.70,47940,-0.0014
2015-10-1,235.90,238.70,234.70,237.10,52880,0.0047
2015-9-30,236.70,237.80,234.40,235.90,50520,-0.0033
2015-9-29,238.90,240.40,234.80,236.70,57300,-0.009
2015-9-28,232.50,240.40,232.40,238.90,64280,0.0274
2015-9-27,234.30,234.80,231.80,232.50,36140,-0.0077
2015-9-26,235.00,235.70,232.70,234.30,40290,-0.0031
2015-9-25,233.80,237.60,232.70,235.00,61580,0.0054
2015-9-24,229.90,235.80,229.60,233.80,72120,0.0168
2015-9-23,230.00,232.20,228.50,229.90,43600,-0.0005
2015-9-22,226.30,233.20,224.10,230.00,71550,0.0163
2015-9-21,231.10,231.60,225.00,226.30,53430,-0.0206
2015-9-20,231.10,232.70,229.90,231.10,33150,0
2015-9-19,232.20,233.40,230.20,231.10,34470,-0.0047
2015-9-18,232.70,234.70,230.60,232.20,53170,-0.0022
2015-9-17,228.60,235.20,227.90,232.70,56060,0.018
2015-9-16,229.50,230.90,225.10,228.60,51910,-0.0041
2015-9-15,229.90,242.80,228.00,229.50,49520,-0.0017
2015-9-14,230.20,232.60,226.00,229.90,61100,-0.0012
2015-9-13,235.60,236.20,228.30,230.20,51600,-0.023
2015-9-12,239.90,240.30,233.30,235.60,43770,-0.0179
2015-9-11,238.10,241.00,237.40,239.90,45770,0.0076
2015-9-10,237.40,240.60,234.30,238.10,60540,0.0028
2015-9-9,243.20,244.30,236.50,237.40,69260,-0.024
2015-9-8,239.60,246.40,239.20,243.20,76350,0.0153
2015-9-7,239.90,242.70,237.50,239.60,57190,-0.0012
2015-9-6,233.70,243.60,234.70,239.90,66270,0.0265
2015-9-5,230.30,235.60,228.30,233.70,48280,0.0149
2015-9-4,226.20,231.10,225.80,230.30,61760,0.0179
2015-9-3,228.60,229.60,225.40,226.20,54150,-0.0106
2015-9-2,227.20,230.60,225.60,228.60,58770,0.0064
2015-9-1,229.50,231.40,225.80,227.20,66540,-0.01
2015-8-31,228.40,231.80,224.20,229.50,54510,0.0047
2015-8-30,228.50,232.30,225.40,228.40,39810,-0.0004
2015-8-29,231.60,233.10,226.40,228.50,43740,-0.0136
2015-8-28,222.70,234.80,219.60,231.60,90660,0.04
2015-8-27,225.00,228.40,222.00,222.70,60250,-0.01
2015-8-26,220.50,230.70,218.80,225.00,92810,0.0202
2015-8-25,211.40,226.60,196.30,220.50,190790,0.0429
2015-8-24,226.80,228.40,207.80,211.40,196700,-0.0676
2015-8-23,229.50,232.70,224.30,226.80,48840,-0.0122
2015-8-22,232.40,235.10,221.00,229.50,74210,-0.0123
2015-8-21,234.70,236.30,230.50,232.40,57650,-0.0096
2015-8-20,226.00,238.00,225.50,234.70,90980,0.0383
2015-8-19,246.70,247.90,214.30,226.00,245820,-0.084
2015-8-18,257.10,257.50,245.70,246.70,94500,-0.0405
2015-8-17,257.10,259.90,252.90,257.10,47880,0
2015-8-16,260.50,261.90,254.60,257.10,69040,-0.0131
2015-8-15,265.00,266.50,259.40,260.50,38910,-0.017
2015-8-14,263.40,267.20,260.20,265.00,52330,0.006
2015-8-13,267.70,268.40,261.30,263.40,56490,-0.0158
2015-8-12,269.00,271.50,263.70,267.70,56730,-0.0051
2015-8-11,263.30,269.90,261.40,269.00,51360,0.0218
2015-8-10,263.90,266.60,260.50,263.30,48570,-0.0022
2015-8-9,258.60,266.80,258.60,263.90,57480,0.0204
2015-8-8,277.90,278.90,257.40,258.60,82540,-0.0694
2015-8-7,278.00,279.60,274.30,277.90,42810,-0.0004
2015-8-6,281.70,282.00,276.50,278.00,33260,-0.0132
2015-8-5,284.30,285.50,280.50,281.70,38290,-0.0091
2015-8-4,281.60,285.70,279.60,284.30,44840,0.0097
2015-8-3,281.40,285.00,278.90,281.60,45890,0.0008
2015-8-2,280.50,282.50,275.90,281.40,35670,0.0032
2015-8-1,283.70,284.50,276.30,280.50,39430,-0.0115
2015-7-31,287.00,288.70,280.80,283.70,49210,-0.0115
2015-7-30,288.40,289.90,284.90,287.00,44790,-0.0047
2015-7-29,293.70,294.70,286.90,288.40,50670,-0.0181
2015-7-28,293.00,296.70,291.70,293.70,49070,0.0024
2015-7-27,291.80,295.80,285.40,293.00,69710,0.0042
2015-7-26,288.70,293.30,286.80,291.80,30990,0.0105
2015-7-25,288.40,291.20,284.70,288.70,41650,0.0013
2015-7-24,275.50,289.80,274.30,288.40,74360,0.0466
2015-7-23,276.50,277.90,274.50,275.50,35660,-0.0034
2015-7-22,275.10,277.40,273.10,276.50,41970,0.005
2015-7-21,277.70,281.00,274.20,275.10,49050,-0.0093
2015-7-20,273.20,278.90,271.80,277.70,46600,0.0165
2015-7-19,274.00,277.10,271.90,273.20,30200,-0.0032
2015-7-18,279.60,282.50,243.20,274.00,55340,-0.0199
2015-7-17,276.60,280.80,271.20,279.60,62120,0.011
2015-7-16,283.40,290.80,273.30,276.60,121320,-0.0241
2015-7-15,287.00,292.90,283.20,283.40,59580,-0.0123
2015-7-14,290.40,297.00,285.20,287.00,60620,-0.0117
2015-7-13,310.40,310.90,276.90,290.40,146850,-0.0647
2015-7-12,292.00,315.90,291.30,310.40,120700,0.0633
2015-7-11,283.60,298.80,282.30,292.00,46490,0.0294
2015-7-10,269.10,297.90,266.90,283.60,117170,0.0538
2015-7-9,268.60,272.30,265.10,269.10,48390,0.0019
2015-7-8,266.20,273.60,263.20,268.60,45290,0.0091
2015-7-7,269.10,271.30,263.20,266.20,41610,-0.0107
2015-7-6,270.10,277.50,266.50,269.10,90580,-0.0039
2015-7-5,260.50,274.10,257.60,270.10,48450,0.0368
2015-7-4,255.40,261.10,253.40,260.50,32950,0.0202
2015-7-3,254.90,256.70,252.40,255.40,36580,0.002
2015-7-2,257.60,261.30,253.10,254.90,45010,-0.0106
2015-7-1,264.10,265.00,254.40,257.60,66940,-0.0246
2015-6-30,257.00,268.70,255.40,264.10,116530,0.0278
2015-6-29,248.90,257.50,248.00,257.00,92640,0.0325
2015-6-28,250.70,251.60,246.60,248.90,39890,-0.0074
2015-6-27,242.90,251.60,241.80,250.70,54700,0.032
2015-6-26,242.60,243.50,240.10,242.90,37620,0.0016
2015-6-25,240.60,243.60,239.30,242.60,40360,0.0083
2015-6-24,243.80,244.50,239.10,240.60,47110,-0.0131
2015-6-23,247.50,247.70,242.30,243.80,38430,-0.015
2015-6-22,244.10,248.60,243.20,247.50,47590,0.0138
2015-6-21,245.00,246.00,240.90,244.10,25150,-0.0036
2015-6-20,244.10,246.60,238.70,245.00,51280,0.0035
2015-6-19,248.40,250.80,243.60,244.10,84700,-0.0173
2015-6-18,247.40,251.90,242.50,248.40,78140,0.0043
2015-6-17,249.80,258.50,245.10,247.40,121620,-0.0098
2015-6-16,237.00,254.10,235.70,249.80,122470,0.0541
2015-6-15,233.80,238.60,233.30,237.00,63470,0.0139
2015-6-14,232.50,235.50,232.10,233.80,32900,0.0055
2015-6-13,230.50,233.10,229.00,232.50,38010,0.0088
2015-6-12,229.90,231.60,229.30,230.50,40750,0.0025
2015-6-11,228.80,230.60,228.50,229.90,38000,0.0048
2015-6-10,229.60,230.40,227.80,228.80,41640,-0.0034
2015-6-9,228.60,231.40,227.50,229.60,54840,0.0043
2015-6-8,223.50,229.90,223.00,228.60,74150,0.0228
2015-6-7,224.70,226.40,222.20,223.50,40480,-0.0057
2015-6-6,225.30,225.80,223.50,224.70,22470,-0.0024
2015-6-5,224.20,226.40,222.10,225.30,56460,0.0048
2015-6-4,225.60,226.70,223.50,224.20,44060,-0.0061
2015-6-3,225.70,227.90,223.70,225.60,54350,-0.0007
2015-6-2,223.10,227.40,222.30,225.70,60810,0.0117
2015-6-1,229.80,231.80,221.00,223.10,87060,-0.0292
2015-5-31,233.20,234.00,229.10,229.80,39000,-0.0145
2015-5-30,237.00,237.10,231.60,233.20,41630,-0.0161
2015-5-29,237.30,237.90,235.10,237.00,38920,-0.0012
2015-5-28,237.30,238.40,236.20,237.30,35750,0
2015-5-27,237.80,238.90,235.90,237.30,48030,-0.0023
2015-5-26,237.40,239.00,235.60,237.80,37080,0.0018
2015-5-25,241.00,241.80,235.80,237.40,26390,-0.0148
2015-5-24,238.90,242.40,237.50,241.00,30260,0.0085
2015-5-23,240.40,241.70,238.10,238.90,36030,-0.0059
2015-5-22,235.40,242.00,234.60,240.40,74110,0.0212
2015-5-21,234.00,236.60,233.60,235.40,42940,0.0061
2015-5-20,232.00,235.20,231.50,234.00,49690,0.0084
2015-5-19,232.60,234.50,231.30,232.00,40940,-0.0027
2015-5-18,236.30,237.10,231.50,232.60,53140,-0.0155
2015-5-17,236.20,237.80,235.40,236.30,28430,0.0003
2015-5-16,237.20,237.80,234.60,236.20,27050,-0.0041
2015-5-15,236.90,238.80,235.50,237.20,46030,0.0013
2015-5-14,236.40,239.20,232.40,236.90,71020,0.0022
2015-5-13,241.60,243.90,234.10,236.40,84430,-0.0215
2015-5-12,241.80,243.00,239.20,241.60,40080,-0.001
2015-5-11,240.00,243.90,238.90,241.80,57170,0.0077
2015-5-10,241.40,244.80,238.20,240.00,44000,-0.006
2015-5-9,243.70,247.90,238.50,241.40,62790,-0.0096
2015-5-8,237.70,247.00,235.80,243.70,87500,0.0253
2015-5-7,230.00,240.30,228.30,237.70,91050,0.0335
2015-5-6,235.80,237.10,228.20,230.00,103660,-0.0246
2015-5-5,239.00,239.60,231.80,235.80,77870,-0.0132
2015-5-4,240.00,243.20,237.40,239.00,69120,-0.0043
2015-5-3,235.30,243.60,233.80,240.00,55720,0.0198
2015-5-2,233.20,236.40,231.70,235.30,37080,0.0091
2015-5-1,235.80,239.40,232.40,233.20,60140,-0.0109
2015-4-30,225.40,240.00,224.70,235.80,112240,0.0459
2015-4-29,225.80,227.20,222.30,225.40,60890,-0.0017
2015-4-28,229.00,229.90,222.00,225.80,65970,-0.0138
2015-4-27,218.70,242.60,216.60,229.00,123410,0.0469
2015-4-26,226.10,226.70,214.10,218.70,100770,-0.0329
2015-4-25,231.10,232.30,223.10,226.10,43780,-0.0214
2015-4-24,235.40,236.60,229.10,231.10,69780,-0.0183
2015-4-23,233.80,236.10,232.60,235.40,42450,0.0069
2015-4-22,233.70,238.40,231.80,233.80,77560,0.0002
2015-4-21,224.20,235.30,223.30,233.70,68350,0.0423
2015-4-20,223.00,226.70,221.60,224.20,44870,0.0055
2015-4-19,223.40,226.90,222.00,223.00,35500,-0.0015
2015-4-18,222.60,224.50,220.60,223.40,36540,0.0034
2015-4-17,228.00,229.30,220.60,222.60,66920,-0.0236
2015-4-16,223.00,229.50,222.90,228.00,84890,0.0225
2015-4-15,218.00,223.60,217.10,223.00,77230,0.0228
2015-4-14,223.60,224.70,214.30,218.00,115190,-0.025
2015-4-13,235.90,236.80,220.40,223.60,105150,-0.052
2015-4-12,236.50,237.50,232.30,235.90,33030,-0.0027
2015-4-11,234.70,240.00,233.10,236.50,51990,0.0075
2015-4-10,243.30,244.10,231.30,234.70,100200,-0.0353
2015-4-9,244.60,246.20,237.60,243.30,69190,-0.0051
2015-4-8,253.00,254.30,242.60,244.60,102650,-0.0332
2015-4-7,255.00,255.60,250.10,253.00,44790,-0.0078
2015-4-6,259.60,261.50,252.30,255.00,45930,-0.018
2015-4-5,252.90,260.30,250.60,259.60,43830,0.0267
2015-4-4,254.50,255.20,250.30,252.90,30720,-0.0062
2015-4-3,252.60,256.50,251.30,254.50,71740,0.0074
2015-4-2,246.20,254.90,244.30,252.60,81370,0.0258
2015-4-1,244.10,247.70,239.60,246.20,67080,0.0086
2015-3-31,246.80,248.70,241.20,244.10,75330,-0.0107
2015-3-30,242.10,248.80,236.60,246.80,85330,0.0195
2015-3-29,252.00,252.80,238.90,242.10,77540,-0.0394
2015-3-28,247.20,254.30,246.30,252.00,55060,0.0195
2015-3-27,248.00,250.10,244.50,247.20,62560,-0.0033
2015-3-26,246.40,254.70,243.50,248.00,89470,0.0067
2015-3-25,246.70,249.20,234.80,246.40,131440,-0.0014
2015-3-24,265.50,267.00,242.70,246.70,151090,-0.0706
2015-3-23,268.60,271.00,259.40,265.50,81450,-0.0116
2015-3-22,259.70,270.40,259.00,268.60,56630,0.0341
2015-3-21,261.80,263.30,254.00,259.70,51650,-0.0079
2015-3-20,260.90,264.70,257.90,261.80,52830,0.0033
2015-3-19,255.90,264.80,247.00,260.90,180690,0.0196
2015-3-18,285.40,285.60,248.20,255.90,206740,-0.1032
2015-3-17,290.40,292.50,283.30,285.40,65010,-0.0173
2015-3-16,284.90,294.00,284.80,290.40,66340,0.0194
2015-3-15,281.60,286.40,280.40,284.90,39460,0.0116
2015-3-14,287.20,288.40,279.30,281.60,75720,-0.0195
2015-3-13,293.90,294.90,286.10,287.20,97340,-0.0226
2015-3-12,295.60,297.00,290.80,293.90,107320,-0.0059
2015-3-11,291.40,297.70,288.90,295.60,79980,0.0145
2015-3-10,290.00,301.00,288.10,291.40,158180,0.0047
2015-3-9,274.50,293.30,273.80,290.00,151770,0.0566
2015-3-8,274.90,278.80,271.30,274.50,50400,-0.0015
2015-3-7,272.60,278.30,269.40,274.90,60720,0.0086
2015-3-6,275.20,278.00,269.00,272.60,98800,-0.0097
2015-3-5,271.90,280.80,262.80,275.20,123640,0.0122
2015-3-4,280.60,284.50,265.90,271.90,139000,-0.0311
2015-3-3,273.80,287.10,266.10,280.60,164820,0.0252
2015-3-2,257.90,274.80,256.10,273.80,81090,0.0613
2015-3-1,254.10,260.60,244.80,257.90,51330,0.0153
2015-2-28,253.50,255.40,248.70,254.10,39410,0.0023
2015-2-27,236.50,258.70,235.70,253.50,167810,0.0716
2015-2-26,237.30,238.20,233.50,236.50,50870,-0.0034
2015-2-25,238.90,239.60,234.60,237.30,38100,-0.0065
2015-2-24,238.80,240.30,235.50,238.90,45030,0.0003
2015-2-23,235.70,240.10,231.30,238.80,62670,0.0131
2015-2-22,244.40,246.50,232.70,235.70,75700,-0.0355
2015-2-21,244.50,247.30,242.60,244.40,42950,-0.0004
2015-2-20,241.90,247.80,238.80,244.50,83590,0.0107
2015-2-19,235.20,244.10,234.90,241.90,66050,0.0286
2015-2-18,243.20,245.50,231.70,235.20,99660,-0.0329
2015-2-17,235.80,247.20,232.00,243.20,116260,0.0313
2015-2-16,233.30,240.00,228.00,235.80,115470,0.011
2015-2-15,258.60,264.60,226.60,233.30,179140,-0.0981
2015-2-14,236.20,261.30,235.40,258.60,133800,0.0951
2015-2-13,221.80,241.60,220.60,236.20,112250,0.0648
2015-2-12,218.80,223.00,217.30,221.80,50110,0.0135
2015-2-11,219.70,223.50,217.30,218.80,71730,-0.0038
2015-2-10,220.30,222.20,214.40,219.70,86150,-0.003
2015-2-9,223.70,225.00,215.70,220.30,91690,-0.0149
2015-2-8,227.70,230.20,219.50,223.70,29050,-0.0176
2015-2-7,223.00,231.00,222.40,227.70,39760,0.0212
2015-2-6,216.50,226.20,215.60,223.00,52520,0.0297
2015-2-5,226.60,229.90,214.40,216.50,40640,-0.0444
2015-2-4,227.40,230.70,220.20,226.60,55240,-0.0036
2015-2-3,238.90,247.50,223.90,227.40,63080,-0.0479
2015-2-2,225.30,242.50,220.50,238.90,39020,0.0602
2015-2-1,218.50,231.40,209.70,225.30,41160,0.031
2015-1-31,231.80,235.40,216.50,218.50,42150,-0.0575
2015-1-30,234.00,244.80,227.20,231.80,48230,-0.0092
2015-1-29,236.20,241.50,220.40,234.00,54490,-0.0092
2015-1-28,263.30,267.70,228.10,236.20,63770,-0.1029
2015-1-27,269.20,276.90,247.30,263.30,50260,-0.022
2015-1-26,252.10,310.90,251.50,269.20,105710,0.0678
2015-1-25,248.20,256.40,241.40,252.10,50190,0.0158
2015-1-24,232.20,248.90,229.60,248.20,33240,0.0689
2015-1-23,232.70,237.00,224.80,232.20,38170,-0.0023
2015-1-22,228.20,238.80,225.60,232.70,53710,0.0199
2015-1-21,210.60,229.30,207.10,228.20,43180,0.0837
2015-1-20,215.90,216.60,203.40,210.60,37480,-0.0246
2015-1-19,210.60,219.50,205.50,215.90,31580,0.0249
2015-1-18,199.60,220.70,192.50,210.60,40370,0.0549
2015-1-17,206.90,212.60,191.70,199.60,43130,-0.0351
2015-1-16,209.80,222.60,198.70,206.90,62320,-0.0136
2015-1-15,164.90,231.30,164.60,209.80,124670,0.272
2015-1-14,221.30,230.90,157.30,164.90,170680,-0.2547
2015-1-13,269.30,269.10,217.10,221.30,95500,-0.1784
2015-1-12,264.80,273.10,263.30,269.30,25390,0.0172
2015-1-11,273.40,278.00,263.80,264.80,15110,-0.0314
2015-1-10,288.00,289.30,272.00,273.40,14730,-0.0508
2015-1-9,282.70,290.60,277.30,288.00,20930,0.0187
2015-1-8,291.30,292.70,279.00,282.70,20180,-0.0297
2015-1-7,282.30,296.10,280.70,291.30,30670,0.0321
2015-1-6,274.80,285.10,271.50,282.30,21940,0.027
2015-1-5,264.70,278.30,262.90,274.80,54990,0.0382
2015-1-4,287.10,289.90,255.90,264.70,88770,-0.078
2015-1-3,315.20,315.80,284.90,287.10,47370,-0.0891
2015-1-2,314.90,316.40,313.10,315.20,14730,0.001
2015-1-1,318.20,321.40,313.50,314.90,12820,-0.0105
2014-12-31,311.30,319.10,308.90,318.20,20500,0.0224
2014-12-30,314.10,316.20,309.30,311.30,22780,-0.0091
2014-12-29,316.50,321.60,308.30,314.10,20360,-0.0076
2014-12-28,315.30,322.80,310.50,316.50,20410,0.0038
2014-12-27,330.00,330.70,312.00,315.30,21630,-0.0444
2014-12-26,319.00,332.90,316.40,330.00,23010,0.0345
2014-12-25,322.40,323.40,316.30,319.00,15390,-0.0106
2014-12-24,335.30,336.30,320.60,322.40,21520,-0.0383
2014-12-23,330.80,339.30,328.00,335.30,24070,0.0133
2014-12-22,322.60,335.30,319.90,330.80,35360,0.0254
2014-12-21,330.40,332.00,320.10,322.60,20670,-0.0234
2014-12-20,317.80,332.60,316.00,330.40,29920,0.0396
2014-12-19,310.30,320.20,306.40,317.80,41710,0.024
2014-12-18,320.00,325.60,303.40,310.30,60520,-0.0302
2014-12-17,330.20,335.70,314.30,320.00,61340,-0.0309
2014-12-16,345.40,346.50,328.90,330.20,38590,-0.0439
2014-12-15,349.40,351.20,343.60,345.40,22160,-0.0114
2014-12-14,348.20,351.60,344.60,349.40,12340,0.0032
2014-12-13,353.40,353.10,343.80,348.20,19540,-0.0146
2014-12-12,347.70,356.40,346.00,353.40,26850,0.0165
2014-12-11,347.90,367.10,337.80,347.70,51080,-0.0007
2014-12-10,352.20,354.10,345.10,347.90,27130,-0.0121
2014-12-9,365.00,365.40,343.80,352.20,43830,-0.035
2014-12-8,376.50,377.40,364.60,365.00,22920,-0.0306
2014-12-7,376.30,377.90,372.50,376.50,8810,0.0006
2014-12-6,377.60,380.30,372.00,376.30,11070,-0.0036
2014-12-5,369.80,379.70,366.40,377.60,29990,0.0211
2014-12-4,377.00,380.40,366.20,369.80,25330,-0.0189
2014-12-3,380.60,384.70,373.60,377.00,23510,-0.0097
2014-12-2,378.60,384.90,375.40,380.60,25290,0.0054
2014-12-1,374.90,383.60,373.00,378.60,19670,0.0098
2014-11-30,376.30,381.10,372.60,374.90,11290,-0.0036
2014-11-29,377.60,389.30,372.20,376.30,83450,-0.0035
2014-11-28,368.80,383.30,358.40,377.60,43020,0.0238
2014-11-27,365.40,374.40,364.80,368.80,13850,0.0095
2014-11-26,376.40,378.30,364.00,365.40,23980,-0.0294
2014-11-25,378.90,395.70,370.60,376.40,45320,-0.0064
2014-11-24,365.90,388.70,361.90,378.90,24570,0.0355
2014-11-23,352.00,370.60,352.60,365.90,12410,0.0393
2014-11-22,351.80,364.20,350.50,352.00,12940,0.0007
2014-11-21,357.30,358.70,343.80,351.80,23470,-0.0155
2014-11-20,381.40,383.00,355.10,357.30,21980,-0.0633
2014-11-19,379.20,389.30,374.30,381.40,19870,0.006
2014-11-18,384.70,394.90,372.00,379.20,27090,-0.0144
2014-11-17,385.60,412.30,378.30,384.70,27600,-0.0024
2014-11-16,374.90,390.40,370.50,385.60,14350,0.0287
2014-11-15,396.50,407.30,368.00,374.90,13330,-0.0546
2014-11-14,428.70,430.20,382.00,396.50,35730,-0.0751
2014-11-13,432.00,480.50,390.90,428.70,58200,-0.0077
2014-11-12,365.40,442.70,365.80,432.00,38530,0.1823
2014-11-11,367.10,371.00,361.90,365.40,15790,-0.0047
2014-11-10,362.00,374.70,356.60,367.10,22810,0.0141
2014-11-9,343.50,362.20,341.80,362.00,12630,0.0539
2014-11-8,341.90,346.30,339.80,343.50,8190,0.0049
2014-11-7,347.70,351.60,340.20,341.90,15020,-0.0167
2014-11-6,338.00,351.10,335.70,347.70,15650,0.0286
2014-11-5,328.00,342.00,326.50,338.00,15840,0.0306
2014-11-4,324.20,328.80,320.10,328.00,15120,0.0115
2014-11-3,322.50,332.90,321.70,324.20,13430,0.0052
2014-11-2,325.40,329.80,319.80,322.50,11900,-0.0088
2014-11-1,337.90,339.00,320.70,325.40,13770,-0.0368
2014-10-31,344.90,348.00,336.10,337.90,14000,-0.0203
2014-10-30,335.10,350.40,333.40,344.90,16120,0.0291
2014-10-29,351.10,352.80,334.70,335.10,12260,-0.0454
2014-10-28,350.10,355.70,348.30,351.10,9430,0.0028
2014-10-27,348.70,356.40,344.90,350.10,10600,0.0041
2014-10-26,346.70,356.80,344.20,348.70,11580,0.0056
2014-10-25,355.10,356.60,341.50,346.70,14040,-0.0236
2014-10-24,355.80,360.90,351.40,355.10,20030,-0.0019
2014-10-23,378.90,381.10,353.50,355.80,19120,-0.0611
2014-10-22,382.40,383.70,377.00,378.90,10530,-0.0089
2014-10-21,380.40,388.20,377.40,382.40,9660,0.0052
2014-10-20,387.30,387.80,378.40,380.40,10560,-0.0178
2014-10-19,390.90,394.50,383.90,387.30,5330,-0.0092
2014-10-18,380.50,395.70,373.60,390.90,9450,0.0273
2014-10-17,379.80,384.80,372.40,380.50,16570,0.0019
2014-10-16,393.20,398.80,371.60,379.80,20790,-0.0341
2014-10-15,397.10,397.90,388.20,393.20,22490,-0.0099
2014-10-14,387.30,407.70,385.70,397.10,28870,0.0253
2014-10-13,373.20,391.20,366.00,387.30,23580,0.0379
2014-10-12,361.20,374.60,352.30,373.20,11230,0.0331
2014-10-11,361.70,370.10,350.50,361.20,13930,-0.0014
2014-10-10,360.90,378.10,353.30,361.70,28410,0.0022
2014-10-9,350.90,384.60,347.60,360.90,35590,0.0286
2014-10-8,331.60,351.60,325.40,350.90,21770,0.058
2014-10-7,331.50,345.50,321.70,331.60,30170,0.0003
2014-10-6,322.90,347.90,303.00,331.50,41170,0.0269
2014-10-5,335.30,344.30,294.90,322.90,29850,-0.0372
2014-10-4,363.50,369.90,327.10,335.30,23040,-0.0774
2014-10-3,375.10,378.20,362.80,363.50,16810,-0.0312
2014-10-2,382.80,385.60,371.20,375.10,14300,-0.0201
2014-10-1,388.20,395.10,381.10,382.80,17730,-0.0137
2014-9-30,376.80,395.20,374.70,388.20,16920,0.0303
2014-9-29,379.10,389.30,372.60,376.80,20690,-0.0061
2014-9-28,399.00,402.30,374.10,379.10,13940,-0.05
2014-9-27,404.50,407.10,394.70,399.00,9740,-0.0135
2014-9-26,412.30,416.40,399.70,404.50,12120,-0.019
2014-9-25,423.80,427.50,409.60,412.30,14630,-0.0271
2014-9-24,436.90,439.20,422.10,423.80,21370,-0.03
2014-9-23,404.10,445.50,394.80,436.90,17940,0.0811
2014-9-22,401.60,410.80,398.60,404.10,13520,0.0062
2014-9-21,411.50,415.10,394.50,401.60,10420,-0.0241
2014-9-20,397.70,427.70,387.50,411.50,14290,0.0349
2014-9-19,424.30,429.20,386.10,397.70,14970,-0.0627
2014-9-18,461.10,462.30,408.80,424.30,8930,-0.0799
2014-9-17,466.80,469.40,458.30,461.10,7510,-0.0121
2014-9-16,477.70,478.80,464.00,466.80,6520,-0.0229
2014-9-15,477.70,479.30,473.70,477.70,5630,0
2014-9-14,478.20,480.30,472.00,477.70,4210,-0.0009
2014-9-13,477.70,480.60,474.60,478.20,5280,0.0009
2014-9-12,478.50,479.70,471.10,477.70,5150,-0.0016
2014-9-11,479.70,488.90,474.60,478.50,6290,-0.0025
2014-9-10,474.90,491.00,471.60,479.70,8290,0.0101
2014-9-9,475.70,478.60,467.50,474.90,7290,-0.0017
2014-9-8,485.80,487.00,469.50,475.70,8140,-0.0207
2014-9-7,484.50,490.70,478.50,485.80,3560,0.0026
2014-9-6,483.60,491.40,480.80,484.50,3790,0.0017
2014-9-5,491.00,495.00,483.10,483.60,6040,-0.0149
2014-9-4,480.00,498.50,476.30,491.00,8810,0.0228
2014-9-3,478.90,487.30,476.80,480.00,6140,0.0023
2014-9-2,477.20,487.00,470.50,478.90,6750,0.0037
2014-9-1,481.80,487.50,471.80,477.20,6790,-0.0095
2014-8-31,506.00,508.30,478.30,481.80,6100,-0.0478
2014-8-30,512.60,512.90,503.10,506.00,2630,-0.0129
2014-8-29,510.80,515.20,506.70,512.60,3640,0.0035
2014-8-28,515.20,521.60,503.30,510.80,4470,-0.0087
2014-8-27,512.60,527.40,512.70,515.20,3790,0.0052
2014-8-26,502.90,516.00,501.80,512.60,3530,0.0191
2014-8-25,509.70,511.30,499.70,502.90,2740,-0.0133
2014-8-24,497.70,514.80,496.80,509.70,2530,0.0242
2014-8-23,516.10,516.80,494.00,497.70,3130,-0.0357
2014-8-22,517.90,524.40,500.60,516.10,6030,-0.0036
2014-8-21,516.80,537.20,511.40,517.90,5650,0.0022
2014-8-20,485.10,521.80,468.50,516.80,5890,0.0653
2014-8-19,462.20,487.00,455.80,485.10,5120,0.0496
2014-8-18,485.50,493.30,450.00,462.20,6380,-0.048
2014-8-17,522.00,524.70,478.20,485.50,3140,-0.0699
2014-8-16,496.50,524.30,483.20,522.00,3870,0.0515
2014-8-15,504.80,515.20,483.20,496.50,4770,-0.0165
2014-8-14,542.10,544.90,495.90,504.80,10880,-0.0688
2014-8-13,567.70,573.50,523.20,542.10,4820,-0.045
2014-8-12,575.90,578.30,562.00,567.70,3330,-0.0143
2014-8-11,592.10,593.60,571.70,575.90,2570,-0.0273
2014-8-10,589.50,596.60,588.10,592.10,1340,0.0043
2014-8-9,595.80,595.60,587.40,589.50,1420,-0.0106
2014-8-8,592.80,608.20,592.10,595.80,3110,0.0051
2014-8-7,589.80,595.10,587.90,592.80,2500,0.0051
2014-8-6,588.80,593.80,587.20,589.80,3010,0.0017
2014-8-5,592.80,594.30,585.40,588.80,4090,-0.0068
2014-8-4,588.90,595.10,586.50,592.80,3420,0.0065
2014-8-3,591.70,592.10,580.60,588.90,1260,-0.0047
2014-8-2,598.80,598.90,587.40,591.70,2120,-0.0118
2014-8-1,589.50,604.00,586.40,598.80,8930,0.0157
2014-7-31,564.60,593.70,564.00,589.50,3520,0.0441
2014-7-30,585.80,586.10,564.20,564.60,4100,-0.0361
2014-7-29,587.90,591.30,579.50,585.80,6720,-0.0037
2014-7-28,595.00,597.50,578.10,587.90,2330,-0.0119
2014-7-27,596.00,601.50,593.70,595.00,3530,-0.0016
2014-7-26,600.50,603.00,593.30,596.00,3480,-0.0075
2014-7-25,601.90,609.10,597.40,600.50,5920,-0.0023
2014-7-24,621.70,622.00,599.40,601.90,4740,-0.0319
2014-7-23,622.50,625.00,621.00,621.70,2170,-0.0013
2014-7-22,625.10,628.80,620.00,622.50,3280,-0.0042
2014-7-21,621.00,625.90,615.00,625.10,2530,0.0067
2014-7-20,627.00,627.90,620.00,621.00,2300,-0.0097
2014-7-19,627.50,634.10,625.10,627.00,3960,-0.0007
2014-7-18,626.60,630.20,617.90,627.50,3350,0.0014
2014-7-17,614.80,632.50,610.00,626.60,2920,0.0192
2014-7-16,619.60,622.40,614.20,614.80,3000,-0.0077
2014-7-15,618.30,624.40,617.30,619.60,3690,0.0021
2014-7-14,628.00,629.00,616.10,618.30,2550,-0.0155
2014-7-13,635.90,638.60,627.50,628.00,1700,-0.0124
2014-7-12,632.90,638.60,625.90,635.90,3430,0.0047
2014-7-11,618.40,633.60,616.10,632.90,3120,0.0235
2014-7-10,623.00,625.00,611.70,618.40,3610,-0.0074
2014-7-9,615.30,623.80,610.50,623.00,3070,0.0125
2014-7-8,613.60,619.70,609.30,615.30,3210,0.0028
2014-7-7,626.70,627.90,607.30,613.60,2530,-0.0208
2014-7-6,623.00,629.40,622.70,626.70,2700,0.0059
2014-7-5,624.00,627.80,619.70,623.00,3250,-0.0016
2014-7-4,638.00,642.20,623.00,624.00,3600,-0.0221
2014-7-3,645.70,646.40,633.60,638.00,4010,-0.0119
2014-7-2,643.20,652.10,604.60,645.70,4780,0.0039
2014-7-1,635.10,652.50,634.10,643.20,4110,0.0127
2014-6-30,601.10,637.30,596.50,635.10,3830,0.0567
2014-6-29,597.60,604.30,593.20,601.10,2890,0.0059
2014-6-28,602.20,608.80,594.00,597.60,2940,-0.0078
2014-6-27,582.70,603.90,580.10,602.20,3390,0.0335
2014-6-26,568.50,582.70,565.80,582.70,4150,0.0251
2014-6-25,588.80,589.60,566.90,568.50,3090,-0.0345
2014-6-24,591.20,595.70,585.40,588.80,3080,-0.0041
2014-6-23,603.60,604.70,582.90,591.20,2650,-0.0206
2014-6-22,597.00,610.10,592.00,603.60,2040,0.011
2014-6-21,590.80,599.20,584.80,597.00,2280,0.0106
2014-6-20,600.20,602.00,587.10,590.80,2150,-0.0157
2014-6-19,606.20,612.60,598.70,600.20,5600,-0.01
2014-6-18,605.10,614.40,603.60,606.20,3310,0.0019
2014-6-17,599.10,608.40,594.90,605.10,3000,0.01
2014-6-16,582.30,606.10,580.50,599.10,3990,0.0288
2014-6-15,583.40,587.80,560.80,582.30,3940,-0.0019
2014-6-14,610.30,613.80,563.70,583.40,5000,-0.0441
2014-6-13,597.10,619.10,594.90,610.30,7550,0.0221
2014-6-12,643.00,643.80,591.10,597.10,4590,-0.0713
2014-6-11,655.60,663.00,642.30,643.00,3800,-0.0193
2014-6-10,644.30,661.40,641.70,655.60,3560,0.0175
2014-6-9,651.00,652.10,639.10,644.30,3260,-0.0103
2014-6-8,651.70,658.90,648.70,651.00,3310,-0.001
2014-6-7,650.40,659.80,641.00,651.70,1970,0.0019
2014-6-6,660.20,663.80,647.10,650.40,6040,-0.0148
2014-6-5,638.90,665.40,635.60,660.20,2760,0.0333
2014-6-4,669.40,669.80,602.10,638.90,5600,-0.0456
2014-6-3,655.50,676.50,631.40,669.40,4360,0.0213
2014-6-2,649.80,662.60,625.50,655.50,4130,0.0088
2014-6-1,627.90,675.00,622.00,649.80,3550,0.0348
2014-5-31,612.30,629.00,604.70,627.90,4410,0.0254
2014-5-30,564.40,613.30,564.00,612.30,6210,0.0849
2014-5-29,570.80,573.80,557.70,564.40,3730,-0.0112
2014-5-28,570.10,581.80,562.60,570.80,3570,0.0013
2014-5-27,582.00,586.20,555.30,570.10,3350,-0.0205
2014-5-26,570.40,586.40,564.70,582.00,2960,0.0203
2014-5-25,520.50,575.20,520.50,570.40,1870,0.096
2014-5-24,518.10,526.70,510.40,520.50,2860,0.0046
2014-5-23,515.40,540.90,515.20,518.10,2760,0.0053
2014-5-22,488.80,519.30,485.50,515.40,3120,0.0543
2014-5-21,484.60,495.20,481.70,488.80,1400,0.0088
2014-5-20,443.90,486.20,437.30,484.60,1900,0.0916
2014-5-19,450.10,451.70,441.20,443.90,1350,-0.0139
2014-5-18,452.80,454.00,449.00,450.10,1450,-0.0059
2014-5-17,453.60,455.90,452.20,452.80,1710,-0.0019
2014-5-16,448.10,455.10,441.90,453.60,1760,0.0123
2014-5-15,442.60,450.00,441.50,448.10,2170,0.0124
2014-5-14,433.90,444.30,433.90,442.60,2200,0.0201
2014-5-13,438.20,442.30,432.70,433.90,2650,-0.0098
2014-5-12,433.20,441.10,430.20,438.20,1390,0.0115
2014-5-11,451.90,455.40,429.00,433.20,1890,-0.0413
2014-5-10,445.50,459.50,441.40,451.90,450,0.0145
2014-5-9,441.10,455.80,438.50,445.50,2270,0.0098
2014-5-8,446.50,455.50,439.50,441.10,2540,-0.0122
2014-5-7,432.20,458.80,423.50,446.50,5030,0.0332
2014-5-6,430.90,435.00,420.20,432.20,4190,0.0031
2014-5-5,436.00,443.90,426.40,430.90,3040,-0.0119
2014-5-4,438.60,446.60,428.80,436.00,3370,-0.0059
2014-5-3,453.70,454.20,429.10,438.60,2580,-0.0331
2014-5-2,460.10,463.40,442.00,453.70,3380,-0.014
2014-5-1,445.60,464.50,444.50,460.10,4200,0.0325
2014-4-30,446.10,452.60,430.90,445.60,4080,-0.0011
2014-4-29,441.90,453.80,430.70,446.10,3720,0.0095
2014-4-28,443.20,451.10,420.80,441.90,4540,-0.0028
2014-4-27,457.90,461.40,437.40,443.20,6960,-0.0321
2014-4-26,464.50,468.70,448.60,457.90,6890,-0.0143
2014-4-25,500.30,502.50,438.30,464.50,6450,-0.0716
2014-4-24,487.30,507.30,477.20,500.30,4230,0.0267
2014-4-23,487.90,510.00,482.30,487.30,4740,-0.0013
2014-4-22,495.20,520.50,483.40,487.90,5680,-0.0146
2014-4-21,498.50,524.70,490.70,495.20,7350,-0.0067
2014-4-20,506.00,522.20,488.70,498.50,7690,-0.0148
2014-4-19,485.50,516.90,473.20,506.00,8380,0.0422
2014-4-18,502.00,512.20,472.00,485.50,8360,-0.0328
2014-4-17,537.00,537.00,486.90,502.00,8000,-0.0651
2014-4-16,526.40,549.00,496.10,537.00,8060,0.02
2014-4-15,478.40,526.60,466.40,526.40,8000,0.1004
2014-4-14,427.60,497.80,420.10,478.40,7620,0.1188
2014-4-13,437.60,454.10,409.90,427.60,4970,-0.023
2014-4-12,435.10,469.80,428.00,437.60,5190,0.0058
2014-4-11,384.60,450.40,355.70,435.10,5160,0.1313
2014-4-10,457.30,463.50,384.60,384.60,3650,-0.159
2014-4-9,466.60,479.70,451.10,457.30,3880,-0.0198
2014-4-8,462.40,480.70,457.60,466.60,3910,0.009
2014-4-7,455.70,485.10,448.00,462.40,3950,0.0147
2014-4-6,456.60,472.40,446.30,455.70,3590,-0.0021
2014-4-5,444.40,461.20,439.40,456.60,1160,0.0276
2014-4-4,436.30,456.50,415.50,444.40,2570,0.0185
2014-4-3,424.40,448.70,386.70,436.30,4020,0.0281
2014-4-2,463.50,480.30,409.30,424.40,4380,-0.0843
2014-4-1,444.70,487.40,438.00,463.50,3970,0.0423
2014-3-31,446.90,473.40,422.50,444.70,4150,-0.0051
2014-3-30,477.10,479.00,424.00,446.90,3860,-0.0633
2014-3-29,482.60,494.30,473.80,477.10,4290,-0.0114
2014-3-28,460.50,515.00,453.80,482.60,4110,0.0481
2014-3-27,562.50,567.80,460.50,460.50,3780,-0.1813
2014-3-26,562.90,575.40,546.30,562.50,3710,-0.0008
2014-3-25,567.60,569.70,550.40,562.90,3870,-0.0082
2014-3-24,551.20,572.50,531.30,567.60,3670,0.0298
2014-3-23,564.30,564.30,538.60,551.20,4130,-0.0234
2014-3-22,549.60,570.00,537.20,564.30,3770,0.0268
2014-3-21,566.00,587.40,540.20,549.60,3820,-0.029
2014-3-20,595.00,598.40,560.30,566.00,4240,-0.0487
2014-3-19,598.90,607.10,590.10,595.00,3580,-0.0066
2014-3-18,606.40,611.70,585.70,598.90,3650,-0.0123
2014-3-17,619.10,622.50,602.70,606.40,3580,-0.0206
2014-3-16,624.00,627.30,613.20,619.10,3300,-0.0078
2014-3-15,614.00,628.80,609.20,624.00,3460,0.0163
2014-3-14,625.00,631.20,610.60,614.00,4000,-0.0176
2014-3-13,619.40,636.10,616.10,625.00,3410,0.0091
2014-3-12,608.70,640.80,608.20,619.40,3200,0.0176
2014-3-11,613.00,619.70,599.90,608.70,2430,-0.007
2014-3-10,627.00,633.70,594.70,613.00,2630,-0.0225
2014-3-9,609.20,637.60,598.50,627.00,1950,0.0293
2014-3-8,616.70,625.70,588.60,609.20,2170,-0.0122
2014-3-7,648.30,655.20,600.30,616.70,2340,-0.0486
2014-3-6,658.30,661.80,636.20,648.30,2070,-0.0153
2014-3-5,661.80,666.00,636.80,658.30,1260,-0.0054
2014-3-4,662.20,686.20,645.20,661.80,1370,-0.0005
2014-3-3,544.60,695.40,545.40,662.20,1260,0.216
2014-3-2,557.40,562.90,541.50,544.60,830,-0.023
2014-3-1,573.90,564.10,262.80,557.40,400,-0.0288
2014-2-28,596.50,599.00,570.00,573.90,510,-0.0378
2014-2-27,593.10,629.90,580.50,596.50,500,0.0056
2014-2-26,135.80,650.00,522.80,593.10,600,3.3684
2014-2-25,174.00,174.60,102.30,135.80,30430,-0.2197
2014-2-24,310.20,316.90,131.90,174.00,95120,-0.439
2014-2-23,255.60,349.10,220.30,310.20,38550,0.2135
2014-2-22,111.60,290.60,96.70,255.60,72170,1.2911
2014-2-21,111.90,160.10,91.70,111.60,82590,-0.0032
2014-2-20,261.50,271.60,109.20,111.90,102180,-0.5721
2014-2-19,294.00,308.60,257.20,261.50,31500,-0.1103
2014-2-18,272.30,370.10,248.30,294.00,48880,0.0796
2014-2-17,299.80,411.20,263.40,272.30,51440,-0.0918
2014-2-16,371.10,540.00,220.40,299.80,86180,-0.1921
2014-2-15,427.70,447.90,310.10,371.10,50620,-0.1324
2014-2-14,451.40,500.00,302.20,427.70,65820,-0.0526
2014-2-13,531.10,549.20,451.30,451.40,28940,-0.15
2014-2-12,579.00,585.10,511.90,531.10,21300,-0.0826
2014-2-11,582.60,609.70,550.20,579.00,16730,-0.0063
2014-2-10,659.60,700.00,500.00,582.60,40130,-0.1167
2014-2-9,648.80,694.10,622.50,659.60,19890,0.0166
2014-2-8,695.70,719.30,632.10,648.80,22880,-0.0674
2014-2-7,828.90,833.10,651.70,695.70,49910,-0.1607
2014-2-6,904.50,908.80,800.90,828.90,18600,-0.0836
2014-2-5,926.60,939.80,890.00,904.50,7560,-0.0239
2014-2-4,931.70,949.10,900.80,926.60,4610,-0.0054
2014-2-3,953.30,959.60,931.70,931.70,2790,-0.0227
2014-2-2,940.40,959.40,934.40,953.30,1580,0.0137
2014-2-1,938.80,969.20,927.80,940.40,4370,0.0017
2014-1-31,941.40,954.70,924.60,938.80,4310,-0.0027
2014-1-30,925.70,953.20,909.50,941.40,5430,0.017
2014-1-29,932.70,950.60,918.90,925.70,5680,-0.0075
2014-1-28,943.50,972.60,911.70,932.70,10410,-0.0115
2014-1-27,1007.00,1021.50,937.20,943.50,8330,-0.063
2014-1-26,961.00,1038.10,950.70,1007.00,13070,0.0478
2014-1-25,916.50,978.40,915.90,961.00,8180,0.0486
2014-1-24,944.20,949.50,902.90,916.50,6200,-0.0292
2014-1-23,951.00,958.10,936.30,944.20,1970,-0.0071
2014-1-22,962.20,973.90,935.00,951.00,4780,-0.0117
2014-1-21,956.00,974.30,943.20,962.20,6590,0.0065
2014-1-20,954.80,980.50,926.00,956.00,10410,0.0012
2014-1-19,905.70,958.10,901.90,954.80,7570,0.0542
2014-1-18,894.20,924.70,884.70,905.70,6040,0.0129
2014-1-17,913.50,929.80,867.20,894.20,10310,-0.0212
2014-1-16,941.20,955.50,910.50,913.50,5100,-0.0295
2014-1-15,919.30,973.10,915.10,941.20,6830,0.0239
2014-1-14,922.90,942.50,904.20,919.30,4310,-0.0039
2014-1-13,939.80,949.20,879.90,922.90,10130,-0.018
2014-1-12,1005.30,1022.70,922.10,939.80,9930,-0.0652
2014-1-11,957.80,1010.80,935.00,1005.30,11180,0.0497
2014-1-10,937.00,964.80,905.90,957.80,6350,0.0222
2014-1-9,938.80,964.60,866.50,937.00,14420,-0.002
2014-1-8,879.90,966.90,858.90,938.80,14100,0.067
2014-1-7,1012.70,1044.00,879.80,879.90,22670,-0.1311
2014-1-6,1014.70,1093.40,964.70,1012.70,23080,-0.0021
2014-1-5,924.70,1029.90,911.40,1014.70,21370,0.0974
2014-1-4,884.30,932.20,848.30,924.70,14240,0.0457
2014-1-3,856.90,888.20,839.40,884.30,9710,0.0319
2014-1-2,815.90,886.20,810.50,856.90,12810,0.0502
2014-1-1,805.90,829.90,771.00,815.90,10760,0.0124